block_id,datanode_id,true_label,predicted_label,probability_bad,probability_good,split
0,23,0,0,0.5617475,0.43825248,train
0,31,0,0,0.5622855,0.43771446,test
0,16,0,0,0.56149447,0.43850553,train
1,29,0,0,0.557526,0.442474,train
1,46,0,0,0.55748034,0.44251972,val
1,27,0,0,0.55776924,0.44223076,train
1,13,1,0,0.5575428,0.44245726,test
2,46,0,0,0.5583813,0.44161865,train
2,32,1,0,0.55803305,0.44196692,test
2,46,1,0,0.5583813,0.44161865,val
3,46,0,0,0.5599727,0.44002727,train
3,9,1,0,0.56032485,0.43967515,train
4,5,1,0,0.55715126,0.44284874,train
4,27,0,0,0.55719143,0.44280854,test
4,41,0,0,0.5571791,0.44282085,train
5,36,0,0,0.55516386,0.44483614,train
5,24,0,0,0.5541619,0.4458381,val
6,23,0,0,0.55600315,0.44399685,train
6,37,0,0,0.55619097,0.4438091,train
7,25,0,0,0.5577358,0.4422642,test
7,0,0,0,0.5582321,0.44176784,train
7,0,0,0,0.5582321,0.44176784,val
8,31,1,0,0.55678517,0.44321483,train
8,12,1,0,0.55561775,0.4443823,train
8,24,0,0,0.55492866,0.44507137,val
9,35,1,0,0.55561966,0.4443803,train
9,31,1,0,0.55742824,0.44257176,train
9,30,0,0,0.5566172,0.4433828,train
10,8,0,0,0.55859584,0.44140413,test
10,15,0,0,0.5581162,0.44188377,train
10,27,0,0,0.558646,0.44135398,val
11,22,1,0,0.55899984,0.4410002,test
11,3,0,0,0.56030405,0.4396959,test
11,42,0,0,0.5590734,0.4409266,train
12,14,0,0,0.5582058,0.44179425,train
12,22,0,0,0.5584811,0.4415189,train
12,42,0,0,0.55874276,0.44125724,val
13,25,1,0,0.5556996,0.44430032,train
13,3,1,0,0.5575204,0.44247967,test
13,17,0,0,0.55619395,0.44380608,train
14,10,0,0,0.5576704,0.44232962,train
14,15,0,0,0.55733746,0.44266248,train
14,24,0,0,0.5561814,0.44381857,train
15,25,1,0,0.5612876,0.4387124,train
15,5,1,0,0.5619316,0.43806848,train
15,18,0,0,0.56079566,0.43920434,train
16,42,0,0,0.5567952,0.44320482,train
16,43,0,0,0.5567075,0.44329247,train
17,0,0,0,0.55596596,0.44403398,val
17,12,0,0,0.5555653,0.44443473,val
18,35,0,0,0.55781263,0.4421874,train
18,26,0,0,0.55665606,0.44334385,val
18,19,0,0,0.5585873,0.44141275,train
19,39,1,0,0.5574804,0.44251966,train
19,38,0,0,0.5570779,0.44292212,train
19,49,0,0,0.5562599,0.44374016,test
20,40,0,0,0.55615056,0.44384944,train
20,0,0,0,0.55641127,0.44358876,train
21,43,1,0,0.5570562,0.44294378,train
21,16,0,0,0.55689293,0.44310707,train
21,42,1,0,0.55714643,0.44285366,train
22,47,1,0,0.56013453,0.4398655,train
22,9,0,0,0.55992156,0.4400785,train
22,29,0,0,0.5593386,0.44066143,train
22,16,0,0,0.5595435,0.4404565,val
23,18,0,0,0.5571374,0.44286257,train
23,45,0,0,0.5573613,0.4426386,train
23,22,0,0,0.558119,0.44188103,train
23,43,0,0,0.5583043,0.44169566,test
24,25,0,0,0.5571402,0.44285977,train
24,41,1,0,0.55775404,0.44224596,test
24,47,1,0,0.55792135,0.44207865,train
25,34,0,0,0.56163144,0.43836856,train
25,24,1,0,0.5605051,0.43949488,test
25,42,1,0,0.56177634,0.4382237,train
26,5,0,0,0.5586625,0.44133744,test
26,37,0,0,0.5587458,0.4412542,train
26,6,0,0,0.55894303,0.44105697,train
27,18,0,0,0.5607901,0.4392099,train
27,24,1,0,0.560461,0.439539,train
27,24,0,0,0.560461,0.439539,train
27,49,1,0,0.56083256,0.4391675,train
28,1,0,0,0.5598918,0.44010815,train
28,35,1,0,0.5592496,0.4407504,train
28,47,0,0,0.5597355,0.44026452,train
28,32,0,0,0.55926627,0.4407337,train
29,4,0,0,0.55830324,0.44169676,train
29,34,1,0,0.55810636,0.44189364,test
29,49,0,0,0.5572806,0.44271937,train
30,42,0,0,0.558165,0.44183502,train
30,25,1,0,0.5574847,0.4425153,train
30,48,0,0,0.55719316,0.44280684,val
30,4,1,0,0.5577982,0.44220185,train
31,24,0,0,0.55453557,0.44546446,train
31,39,1,0,0.5559061,0.4440939,train
32,45,1,0,0.55792195,0.44207805,train
32,23,0,0,0.5585479,0.44145203,train
32,3,0,0,0.559666,0.440334,train
33,48,0,0,0.557047,0.44295302,train
33,48,0,0,0.557047,0.44295302,train
33,38,0,0,0.55720145,0.44279847,train
34,46,0,0,0.5578442,0.4421558,train
34,4,0,0,0.55785334,0.4421467,train
34,0,1,0,0.5579854,0.44201455,train
35,6,0,0,0.55818677,0.44181323,train
35,7,0,0,0.5578677,0.44213232,train
35,29,0,0,0.55736864,0.44263136,train
35,27,0,0,0.5575654,0.44243467,train
36,33,0,0,0.5584709,0.44152907,train
36,21,1,0,0.5606791,0.43932095,train
37,13,0,0,0.5568449,0.44315514,train
37,18,0,0,0.55615854,0.44384143,train
37,38,0,0,0.55666727,0.4433328,train
38,0,0,0,0.5576352,0.44236484,train
38,14,0,0,0.55733097,0.44266903,train
38,30,0,0,0.5579567,0.44204333,train
38,42,0,0,0.5576114,0.44238856,train
39,21,0,0,0.55910975,0.44089022,train
39,40,0,0,0.55862296,0.44137704,train
39,42,0,0,0.55869794,0.44130212,train
39,1,0,0,0.55887777,0.4411222,train
40,6,1,0,0.55648595,0.4435141,train
40,8,0,0,0.55628496,0.4437151,test
41,27,0,0,0.5563208,0.44367918,train
41,18,1,0,0.55531794,0.44468212,train
41,12,0,0,0.55623496,0.44376507,test
42,29,1,0,0.5572863,0.44271368,train
42,37,0,0,0.55791765,0.44208238,train
42,25,1,0,0.557141,0.44285896,val
43,9,1,0,0.55645615,0.44354385,train
43,14,0,0,0.5557312,0.4442688,val
44,42,0,0,0.5586625,0.4413375,train
44,7,0,0,0.5589813,0.44101867,test
44,33,1,0,0.5571343,0.44286573,train
44,15,0,0,0.55858654,0.4414135,train
45,26,1,0,0.55563146,0.4443686,val
45,18,0,0,0.5563313,0.44366875,train
45,47,0,0,0.5577254,0.4422746,val
45,19,1,0,0.5574708,0.44252923,train
46,0,0,0,0.55630004,0.44369996,train
46,2,1,0,0.5560182,0.4439818,train
47,33,0,0,0.555101,0.44489905,train
47,26,0,0,0.55480593,0.44519407,train
48,38,1,0,0.5555606,0.44443938,train
48,10,0,0,0.5563994,0.4436006,train
49,10,0,0,0.56309193,0.43690804,test
49,47,0,0,0.56313777,0.4368623,train
49,16,0,0,0.56272256,0.43727747,train
49,26,0,0,0.56145287,0.43854716,train
50,6,0,0,0.55682987,0.44317013,train
50,37,0,0,0.55673575,0.44326425,train
51,11,1,0,0.55669886,0.4433012,test
51,16,1,0,0.55651164,0.4434884,train
51,47,0,0,0.55693483,0.44306517,train
52,14,1,0,0.5567718,0.44322824,train
52,3,1,0,0.5584998,0.4415002,train
52,21,0,0,0.5579335,0.44206658,train
53,29,1,0,0.55819505,0.44180495,train
53,5,0,0,0.5590116,0.44098842,train
53,10,1,0,0.55892783,0.44107217,train
54,15,0,0,0.55659664,0.4434033,val
54,39,0,0,0.55692786,0.4430722,train
55,48,0,0,0.56069744,0.43930253,val
55,44,0,0,0.56052166,0.4394783,train
55,31,0,0,0.5620732,0.4379268,val
56,16,0,0,0.5572886,0.4427114,train
56,3,1,0,0.55857086,0.44142917,val
56,24,0,0,0.55608386,0.44391617,train
56,13,0,0,0.55720675,0.44279328,test
57,41,0,0,0.56062496,0.439375,train
57,40,0,0,0.5603453,0.43965465,train
57,31,1,0,0.5613497,0.43865034,test
57,36,1,0,0.5605833,0.43941674,val
58,14,0,0,0.5574618,0.44253817,val
58,29,0,0,0.55742073,0.4425792,train
58,42,1,0,0.5578568,0.44214317,train
59,26,0,0,0.55506414,0.4449358,train
59,33,0,0,0.5554282,0.44457176,train
60,43,1,0,0.5571752,0.44282475,val
60,8,1,0,0.55728734,0.4427126,train
60,19,1,0,0.5571855,0.4428145,val
61,13,0,0,0.55644596,0.44355404,train
61,26,0,0,0.5547466,0.44525337,test
61,31,0,0,0.55752534,0.4424747,train
62,4,0,0,0.5579991,0.44200093,train
62,20,1,0,0.5594417,0.4405583,train
62,23,0,0,0.55813295,0.441867,test
63,18,0,0,0.5602774,0.4397226,train
63,34,0,0,0.560828,0.43917203,train
63,6,0,0,0.5614936,0.43850642,train
63,15,0,0,0.5611815,0.43881854,test
64,3,0,0,0.55911326,0.44088674,train
64,41,1,0,0.558284,0.44171605,train
64,13,0,0,0.5577712,0.44222882,train
65,12,0,0,0.5574389,0.44256115,train
65,30,0,0,0.55784917,0.44215077,train
66,29,0,0,0.5574097,0.4425903,train
66,42,1,0,0.55784595,0.44215405,test
66,44,0,0,0.557313,0.44268698,train
66,2,0,0,0.5577876,0.44221246,train
67,49,0,0,0.55740243,0.44259754,train
67,37,0,0,0.55879253,0.44120747,test
67,17,0,0,0.5584473,0.44155264,train
67,1,0,0,0.5587371,0.4412629,train
68,25,0,0,0.5554345,0.44456545,test
68,2,0,0,0.55593383,0.4440662,train
69,41,0,0,0.5587157,0.44128427,train
69,8,0,0,0.55877995,0.44122007,test
69,2,1,0,0.5585301,0.44146985,train
70,22,1,0,0.5567118,0.44328815,test
70,12,1,0,0.55679715,0.44320285,train
70,16,1,0,0.5568081,0.44319186,train
71,33,0,0,0.5586946,0.44130537,test
71,42,1,0,0.5598078,0.44019213,train
71,2,1,0,0.5597472,0.44025278,train
72,28,1,0,0.55640024,0.4435998,val
72,38,0,0,0.5562798,0.44372022,val
73,39,1,0,0.5592199,0.4407801,train
73,2,1,0,0.55895376,0.4410462,test
73,13,0,0,0.558846,0.44115403,test
74,1,0,0,0.5580467,0.44195327,test
74,41,0,0,0.5579994,0.4420006,val
74,1,0,0,0.5580467,0.44195327,train
74,49,0,0,0.5573961,0.4426039,train
75,21,1,0,0.5575663,0.44243366,train
75,33,1,0,0.5555615,0.44443858,test
75,2,1,0,0.5569201,0.4430799,val
76,15,1,0,0.55575085,0.4442491,train
76,9,0,0,0.55630094,0.443699,test
77,20,1,0,0.5603127,0.43968737,train
77,5,1,0,0.5593301,0.4406699,val
77,43,1,0,0.5590417,0.44095838,train
78,40,1,0,0.55632365,0.44367635,train
78,2,0,0,0.5564755,0.44352445,train
78,26,1,0,0.5548888,0.44511124,test
79,42,0,0,0.5581112,0.4418888,test
79,18,0,0,0.55693275,0.44306722,val
79,46,1,0,0.55790526,0.44209465,test
79,4,0,0,0.55787855,0.44212142,val
80,42,0,0,0.55820495,0.44179505,train
80,44,0,0,0.5577307,0.44226933,train
80,22,0,0,0.5579594,0.44204056,train
81,44,1,0,0.5564647,0.44353533,train
81,10,0,0,0.5573685,0.44263148,train
82,0,1,0,0.5565588,0.44344124,train
82,1,0,0,0.55675286,0.44324708,train
83,3,1,0,0.5583842,0.44161576,train
83,27,0,0,0.55738306,0.44261697,train
83,12,1,0,0.5572869,0.4427131,train
84,48,0,0,0.56114876,0.4388512,train
84,46,0,0,0.5615972,0.4384027,train
84,29,1,0,0.5615297,0.43847024,train
85,42,0,0,0.55713207,0.4428679,train
85,1,0,0,0.5574019,0.44259804,train
85,13,0,0,0.557003,0.44299698,train
86,7,0,0,0.5572146,0.44278538,train
86,21,1,0,0.5575567,0.44244322,train
86,41,0,0,0.55704325,0.44295675,train
87,10,0,0,0.5577281,0.44227186,train
87,8,0,0,0.5574948,0.44250515,train
87,35,0,0,0.55659574,0.44340426,train
88,41,0,0,0.5569505,0.4430495,train
88,43,1,0,0.5566705,0.44332945,val
88,4,0,0,0.55664706,0.44335297,train
89,16,1,0,0.5596096,0.44039044,val
89,14,0,0,0.5596038,0.44039622,val
89,10,0,0,0.55991566,0.44008437,train
89,41,0,0,0.55988127,0.44011867,train
90,3,0,0,0.5595024,0.44049758,train
90,44,1,0,0.5577438,0.4422562,train
90,12,1,0,0.5582947,0.44170526,train
90,17,0,0,0.5581743,0.4418257,train
91,28,0,0,0.55762327,0.4423767,train
91,47,0,0,0.55807364,0.44192636,val
91,37,0,0,0.5579631,0.4420369,val
92,36,1,0,0.55978644,0.44021353,train
92,31,0,0,0.5604874,0.4395126,train
92,5,1,0,0.5600983,0.43990165,test
93,48,0,0,0.5565595,0.44344047,test
93,18,0,0,0.55626327,0.4437367,test
94,40,0,0,0.5564777,0.44352233,test
94,15,0,0,0.55670494,0.44329512,train
94,8,0,0,0.55693346,0.44306648,train
95,33,0,0,0.55619913,0.44380087,train
95,42,0,0,0.5578753,0.44212463,train
95,37,0,0,0.5582383,0.44176164,train
96,3,0,0,0.5598767,0.44012335,test
96,12,0,0,0.5586087,0.4413913,train
96,27,1,0,0.558541,0.441459,test
96,48,1,0,0.55762404,0.442376,train
97,6,1,0,0.55823535,0.4417647,train
97,23,0,0,0.5577973,0.44220266,train
97,47,0,0,0.55814356,0.44185644,test
97,29,0,0,0.55743444,0.44256556,test
98,34,0,0,0.55783176,0.4421682,val
98,22,0,0,0.5580587,0.44194132,train
98,39,0,0,0.55834854,0.44165143,train
99,18,0,0,0.5565764,0.44342366,val
99,18,0,0,0.5565764,0.44342366,test
99,44,1,0,0.5569101,0.4430898,train
100,14,0,0,0.5589827,0.4410173,val
100,18,1,0,0.5583284,0.44167164,train
100,30,0,0,0.5590926,0.4409074,train
100,6,0,0,0.55903447,0.44096553,train
101,16,0,0,0.56009716,0.43990278,train
101,6,0,0,0.5602511,0.43974888,train
101,37,0,0,0.56047666,0.43952337,train
101,31,0,0,0.5607559,0.43924406,train
102,23,1,0,0.5569172,0.4430828,train
102,42,0,0,0.55675,0.44324997,train
103,41,0,0,0.5575248,0.4424752,train
103,38,1,0,0.5569177,0.4430823,train
103,35,0,0,0.556488,0.44351202,test
104,40,1,0,0.556078,0.44392204,train
104,0,0,0,0.55635333,0.44364667,val
104,36,0,0,0.556052,0.44394794,train
105,39,0,0,0.5579803,0.4420197,val
105,32,0,0,0.55730945,0.44269064,train
105,42,0,0,0.5578827,0.44211727,train
106,26,1,0,0.558074,0.44192603,train
106,20,1,0,0.5601305,0.43986946,train
107,8,0,0,0.55833095,0.44166908,train
107,38,0,0,0.5579808,0.44201928,train
108,42,0,0,0.55629504,0.443705,train
108,28,0,0,0.55593115,0.44406885,test
108,2,0,0,0.55640435,0.44359565,train
109,25,1,0,0.5577044,0.4422956,train
109,34,0,0,0.55793333,0.44206667,train
109,34,1,0,0.55793333,0.44206667,train
110,45,0,0,0.5569835,0.44301656,train
110,5,0,0,0.55794173,0.44205832,val
111,38,0,0,0.55656636,0.44343364,test
111,49,1,0,0.55577046,0.44422954,val
111,48,0,0,0.5565552,0.44344485,train
112,26,0,0,0.55590546,0.44409457,train
112,20,0,0,0.558815,0.44118497,train
112,23,0,0,0.5577318,0.4422682,train
112,35,0,0,0.55701864,0.4429814,train
113,49,0,0,0.55921024,0.4407898,train
113,33,0,0,0.5591935,0.44080654,train
113,30,0,0,0.56008685,0.43991318,train
113,35,0,0,0.5592734,0.4407266,train
114,9,0,0,0.557375,0.44262493,train
114,35,1,0,0.5563834,0.4436166,train
114,20,1,0,0.5584062,0.44159374,val
115,3,1,0,0.5595976,0.44040236,train
115,17,1,0,0.55849653,0.44150347,test
115,48,0,0,0.5579743,0.44202563,val
116,44,0,0,0.5571597,0.4428403,train
116,45,0,0,0.557293,0.44270703,train
116,5,0,0,0.55774546,0.44225454,train
116,28,0,0,0.55756885,0.44243112,test
117,19,0,0,0.55655134,0.4434487,val
117,11,0,0,0.5566142,0.44338578,train
117,22,1,0,0.5564629,0.44353715,train
118,15,0,0,0.5596944,0.4403056,train
118,40,1,0,0.55941564,0.44058436,test
118,32,0,0,0.55919564,0.44080442,train
119,9,0,0,0.5581256,0.44187433,train
119,43,1,0,0.5578909,0.44210914,train
119,30,1,0,0.5581797,0.4418203,train
120,2,0,0,0.55867076,0.44132927,train
120,26,0,0,0.557561,0.44243902,val
121,36,1,0,0.5556393,0.4443607,train
121,35,0,0,0.55520564,0.44479436,val
121,35,1,0,0.55520564,0.44479436,train
122,41,0,0,0.56151676,0.4384833,train
122,29,0,0,0.56142336,0.43857664,train
122,46,0,0,0.56137055,0.43862942,train
122,40,1,0,0.5612437,0.43875635,train
123,43,0,0,0.5592129,0.44078708,test
123,31,0,0,0.5598799,0.44012004,train
123,12,0,0,0.5591409,0.44085902,train
124,39,0,0,0.5591647,0.44083533,train
124,39,0,0,0.5591647,0.44083533,train
124,1,1,0,0.55953246,0.44046754,train
125,44,1,0,0.55751663,0.44248334,train
125,7,0,0,0.55866575,0.44133416,test
125,37,1,0,0.5584914,0.4415086,val
125,23,0,0,0.55831134,0.44168863,test
126,22,0,0,0.55590117,0.44409874,train
126,26,0,0,0.55448025,0.44551975,train
127,27,1,0,0.55632186,0.44367814,val
127,44,0,0,0.5557598,0.44424024,train
127,49,0,0,0.55546105,0.44453892,train
128,34,0,0,0.55930245,0.44069758,test
128,12,0,0,0.55949455,0.44050547,val
128,4,1,0,0.5595759,0.44042405,val
129,0,0,0,0.5583819,0.44161817,train
129,48,1,0,0.5577328,0.44226715,train
129,14,0,0,0.5578095,0.44219056,train
130,24,0,0,0.55646044,0.44353956,train
130,26,0,0,0.55622643,0.44377354,train
131,38,0,0,0.5585398,0.44146016,train
131,32,0,0,0.5583895,0.44161046,train
131,25,0,0,0.5585618,0.4414382,train
132,46,0,0,0.5589398,0.44106016,train
132,33,1,0,0.557209,0.44279096,train
132,5,0,0,0.5592619,0.44073808,train
133,21,1,0,0.55763763,0.4423624,train
133,6,1,0,0.5571758,0.44282416,train
133,18,1,0,0.55657065,0.44342938,train
134,9,1,0,0.5590522,0.44094774,test
134,20,1,0,0.5600578,0.43994218,train
134,12,0,0,0.5587332,0.44126675,val
135,17,0,0,0.5599642,0.44003582,train
135,36,0,0,0.56009716,0.43990287,train
135,27,1,0,0.560175,0.43982503,train
136,27,0,0,0.5567131,0.4432869,train
136,10,0,0,0.5567809,0.44321904,val
137,15,0,0,0.5606421,0.4393579,val
137,47,1,0,0.5610066,0.43899348,train
137,45,1,0,0.56022465,0.4397753,train
138,42,0,0,0.5577703,0.44222963,train
138,36,0,0,0.55777574,0.44222423,train
139,11,0,0,0.5605538,0.43944624,train
139,19,0,0,0.56058514,0.43941492,test
139,9,1,0,0.5608003,0.43919963,train
139,33,0,0,0.55880785,0.44119218,train
140,24,0,0,0.55473423,0.4452658,train
140,36,1,0,0.55561155,0.44438848,test
140,5,0,0,0.5559521,0.44404793,train
141,13,0,0,0.55952084,0.4404792,train
141,9,0,0,0.55992585,0.44007412,test
141,34,1,0,0.5595778,0.44042215,train
142,36,0,0,0.55740184,0.4425981,train
142,25,0,0,0.55703926,0.44296074,test
142,4,0,0,0.5573576,0.44264236,train
143,26,0,0,0.5548796,0.44512042,train
143,42,0,0,0.5569539,0.44304606,train
143,44,1,0,0.55638725,0.44361272,train
144,46,0,0,0.5561825,0.44381744,train
144,17,0,0,0.55648905,0.443511,train
144,31,0,0,0.557428,0.442572,val
145,24,1,0,0.55839294,0.44160697,val
145,10,0,0,0.5594745,0.4405254,train
145,18,0,0,0.5586359,0.4413641,train
145,18,0,0,0.5586359,0.4413641,test
146,34,1,0,0.5592488,0.4407512,train
146,28,0,0,0.5594036,0.44059643,train
146,21,1,0,0.560244,0.43975592,train
146,20,0,0,0.5609703,0.4390297,train
147,5,0,0,0.5591356,0.44086435,train
147,9,0,0,0.5590623,0.44093767,train
147,19,0,0,0.55888736,0.44111267,train
148,30,0,0,0.5559203,0.44407967,train
148,48,1,0,0.55534333,0.44465667,train
149,25,0,0,0.5554986,0.4445014,train
149,6,0,0,0.55670744,0.44329253,train
149,40,1,0,0.55599433,0.4440056,train
150,29,1,0,0.5596997,0.4403003,train
150,19,0,0,0.5602058,0.4397942,val
150,23,0,0,0.5603184,0.43968153,train
151,26,0,0,0.5556584,0.4443416,train
151,17,0,0,0.55765235,0.44234762,train
152,6,1,0,0.5589097,0.44109032,train
152,35,0,0,0.5579088,0.44209123,val
152,15,1,0,0.5581861,0.4418139,train
153,34,0,0,0.5583329,0.44166705,train
153,45,0,0,0.5586275,0.44137257,train
153,45,0,0,0.5586275,0.44137257,val
153,1,0,0,0.5586714,0.44132861,train
154,41,0,0,0.5561117,0.44388825,train
154,32,0,0,0.55491924,0.44508073,train
155,39,0,0,0.55694216,0.44305786,train
155,2,1,0,0.5564596,0.4435404,val
155,43,0,0,0.5565614,0.44343865,train
156,42,1,0,0.55811644,0.4418836,train
156,7,0,0,0.55792314,0.4420768,train
156,43,1,0,0.55729985,0.4427001,test
157,5,1,0,0.56069624,0.43930376,val
157,15,1,0,0.56055146,0.43944854,train
157,22,1,0,0.56070244,0.43929753,val
158,11,0,0,0.5560189,0.44398114,train
158,17,1,0,0.5559811,0.444019,test
159,20,0,0,0.5607131,0.4392869,train
159,22,0,0,0.55950284,0.4404972,train
159,34,1,0,0.5595633,0.44043678,train
159,45,1,0,0.55944407,0.44055593,val
160,13,0,0,0.55816305,0.441837,test
160,12,1,0,0.55811155,0.44188845,train
160,15,1,0,0.557937,0.44206297,train
161,38,0,0,0.55682856,0.44317144,train
161,0,0,0,0.55726165,0.44273832,train
161,45,0,0,0.5573515,0.4426485,train
162,44,0,0,0.5569119,0.44308805,train
162,19,0,0,0.5573712,0.44262877,test
162,35,0,0,0.55661714,0.44338286,train
163,5,1,0,0.5572971,0.44270286,val
163,2,0,0,0.556957,0.44304296,test
163,2,1,0,0.556957,0.44304296,train
164,35,0,0,0.5567908,0.44320923,train
164,15,0,0,0.5574452,0.44255477,train
164,11,0,0,0.5576332,0.44236675,test
164,30,0,0,0.5577913,0.44220868,train
165,2,1,0,0.5567138,0.44328627,val
165,27,0,0,0.5565667,0.44343325,train
165,4,0,0,0.5564741,0.44352582,train
166,20,0,0,0.55934924,0.44065076,train
166,39,0,0,0.5585075,0.44149256,test
166,16,1,0,0.5581095,0.44189054,train
167,30,0,0,0.55837345,0.44162655,train
167,31,0,0,0.5589399,0.44106004,train
167,22,0,0,0.5581008,0.44189915,train
167,32,1,0,0.55760616,0.44239378,val
168,5,1,0,0.5580594,0.44194058,train
168,27,0,0,0.5578976,0.44210243,train
168,31,1,0,0.55859643,0.44140357,train
169,4,1,0,0.55919665,0.44080335,test
169,9,0,0,0.5594529,0.44054705,train
169,48,0,0,0.55860966,0.4413903,train
170,29,1,0,0.5562451,0.44375482,test
170,12,0,0,0.5564431,0.4435569,train
171,24,0,0,0.55526084,0.44473916,train
171,42,1,0,0.55670464,0.44329536,val
171,24,0,0,0.55526084,0.44473916,train
171,11,1,0,0.5567408,0.44325915,train
172,37,1,0,0.55945325,0.44054675,train
172,31,0,0,0.5601622,0.4398378,train
172,26,0,0,0.5571471,0.44285288,test
173,20,1,0,0.55957043,0.44042948,train
173,32,0,0,0.5578479,0.44215208,train
173,3,0,0,0.5593453,0.44065464,train
174,48,0,0,0.5567774,0.44322258,train
174,23,0,0,0.5574103,0.44258973,train
174,29,0,0,0.55702394,0.44297606,train
175,31,1,0,0.55648625,0.44351384,train
175,15,1,0,0.5552901,0.44470987,train
176,47,0,0,0.55700326,0.4429968,train
176,22,1,0,0.5564573,0.4435427,test
176,2,0,0,0.5566436,0.44335636,train
177,10,1,0,0.55851907,0.44148088,train
177,34,0,0,0.5582046,0.44179544,train
178,27,0,0,0.5572041,0.44279593,train
178,16,0,0,0.5569045,0.44309556,train
178,40,1,0,0.5571673,0.44283274,train
179,8,0,0,0.55683964,0.4431603,train
179,35,0,0,0.55608225,0.44391775,train
179,17,1,0,0.5565772,0.4434228,train
180,46,1,0,0.5593819,0.4406181,train
180,5,0,0,0.55970913,0.4402908,test
180,28,0,0,0.55942273,0.4405773,train
181,12,0,0,0.5562119,0.4437881,train
181,46,0,0,0.5562379,0.44376206,train
181,43,0,0,0.5562846,0.4437154,train
182,31,0,0,0.5591918,0.4408082,train
182,43,0,0,0.55815125,0.44184875,train
182,0,1,0,0.5583764,0.4416236,test
182,42,1,0,0.55816644,0.4418336,train
183,29,0,0,0.5562763,0.44372368,train
183,28,0,0,0.5564192,0.44358084,train
183,22,0,0,0.55641043,0.44358957,test
184,4,0,0,0.55599445,0.44400555,test
184,31,1,0,0.5568961,0.44310394,train
185,13,0,0,0.5570256,0.4429744,train
185,20,0,0,0.55850315,0.4414968,train
186,3,0,0,0.5578949,0.44210514,train
186,20,1,0,0.55804217,0.44195786,train
186,15,1,0,0.5568595,0.44314048,train
187,40,0,0,0.5586999,0.44130003,train
187,43,0,0,0.55868244,0.4413176,test
187,27,0,0,0.55882126,0.44117877,train
187,49,0,0,0.55812114,0.44187886,train
188,21,0,0,0.5582927,0.4417073,train
188,12,0,0,0.55777353,0.44222647,train
188,26,0,0,0.555685,0.44431502,train
188,30,0,0,0.5582354,0.4417646,train
189,25,0,0,0.5572872,0.4427128,test
189,2,1,0,0.55807894,0.44192106,train
189,46,1,0,0.557604,0.44239604,train
189,15,0,0,0.5578855,0.4421144,val
190,37,0,0,0.5585218,0.44147813,train
190,1,0,0,0.5585664,0.4414336,train
190,43,0,0,0.5581892,0.44181085,train
191,37,0,0,0.55850595,0.44149405,val
191,39,1,0,0.55819523,0.44180474,train
191,15,1,0,0.5578278,0.4421723,train
192,42,0,0,0.5609071,0.4390929,test
192,39,0,0,0.56131434,0.43868566,train
192,1,0,0,0.56107384,0.43892616,val
193,24,0,0,0.55441666,0.4455833,val
193,35,0,0,0.5549983,0.44500172,val
194,20,0,0,0.55873674,0.44126326,val
194,28,0,0,0.55743104,0.44256896,val
195,11,1,0,0.55793965,0.44206035,train
195,41,1,0,0.557906,0.44209412,train
195,1,0,0,0.55806416,0.4419359,train
195,36,0,0,0.55772203,0.44227803,train
196,23,0,0,0.55646884,0.44353116,test
196,12,0,0,0.55626696,0.44373307,val
196,22,0,0,0.556425,0.44357508,train
197,23,0,0,0.5577037,0.4422963,train
197,22,0,0,0.5573804,0.4426196,train
197,4,0,0,0.5576335,0.44236642,train
198,39,0,0,0.5579489,0.4420511,test
198,48,0,0,0.55726904,0.44273087,train
199,6,0,0,0.55808604,0.44191393,train
199,8,0,0,0.5578869,0.44211307,train
199,27,0,0,0.5576307,0.44236925,train
199,9,0,0,0.55792975,0.44207022,test
200,25,0,0,0.5578974,0.4421026,val
200,39,0,0,0.55836016,0.44163984,train
200,0,0,0,0.55840135,0.44159868,train
201,21,0,0,0.5585182,0.4414818,train
201,6,0,0,0.55838567,0.4416143,train
201,20,0,0,0.55889267,0.4411073,train
202,47,0,0,0.55847746,0.44152254,train
202,19,0,0,0.55828506,0.44171488,train
202,20,1,0,0.5593087,0.44069132,train
202,33,0,0,0.55639344,0.44360662,train
203,21,1,0,0.5587785,0.44122148,train
203,7,1,0,0.5586316,0.4413683,train
203,4,0,0,0.5582323,0.44176766,train
204,48,0,0,0.5588569,0.441143,train
204,38,1,0,0.5589038,0.4410962,train
204,35,0,0,0.5586459,0.44135404,train
205,44,0,0,0.5566322,0.44336784,train
205,42,0,0,0.55712366,0.44287628,val
206,8,0,0,0.55616105,0.44383898,train
206,39,1,0,0.556272,0.44372803,train
207,6,0,0,0.55808806,0.441912,train
207,21,0,0,0.5580854,0.44191456,train
207,29,0,0,0.55731475,0.44268528,train
207,14,0,0,0.55723214,0.4427679,train
208,11,0,0,0.55905634,0.44094366,test
208,5,1,0,0.5593461,0.44065392,train
208,26,0,0,0.5571056,0.4428944,train
209,44,1,0,0.55763096,0.44236904,train
209,38,1,0,0.55773646,0.4422635,train
209,48,1,0,0.55756736,0.44243267,train
210,48,0,0,0.5579324,0.44206765,train
210,17,1,0,0.5583788,0.4416211,train
210,21,0,0,0.55906546,0.4409345,train
211,25,0,0,0.5560208,0.4439792,test
211,22,0,0,0.5563818,0.44361815,train
211,45,0,0,0.5558557,0.44414434,val
212,23,0,0,0.5573658,0.44263422,train
212,45,0,0,0.5565796,0.44342047,train
213,48,1,0,0.55566716,0.44433287,train
213,39,1,0,0.5568208,0.4431792,train
213,32,0,0,0.5560323,0.44396773,train
214,2,0,0,0.55653805,0.44346198,train
214,17,1,0,0.5564733,0.44352672,train
214,1,0,0,0.55667824,0.44332173,train
215,29,0,0,0.5586634,0.44133657,train
215,23,1,0,0.55908644,0.44091356,train
215,34,1,0,0.55877215,0.44122788,train
216,47,1,0,0.55759007,0.44240993,train
216,25,1,0,0.55666643,0.44333357,train
216,19,0,0,0.55731934,0.4426807,train
216,48,0,0,0.55620754,0.44379246,train
217,38,1,0,0.5552217,0.44477826,train
217,26,0,0,0.5541037,0.4458963,val
217,14,0,0,0.55522466,0.44477543,train
218,36,0,0,0.55563056,0.44436944,train
218,28,1,0,0.5555227,0.44447735,train
219,15,0,0,0.55886847,0.44113153,val
219,39,1,0,0.5592035,0.44079655,val
219,20,1,0,0.560022,0.4399779,train
220,4,1,0,0.55777997,0.44222003,train
220,34,1,0,0.5577441,0.4422559,train
220,45,0,0,0.55756503,0.442435,val
220,0,1,0,0.5579614,0.4420386,train
221,15,0,0,0.5584577,0.44154236,train
221,21,1,0,0.55940396,0.44059604,train
221,26,0,0,0.55670834,0.44329172,train
222,16,0,0,0.55644155,0.44355845,val
222,22,0,0,0.55624205,0.44375795,train
223,42,0,0,0.5583248,0.4416752,train
223,7,1,0,0.55872935,0.44127065,test
223,33,0,0,0.55665404,0.44334596,train
224,30,0,0,0.5578994,0.44210058,val
224,4,1,0,0.55759245,0.4424076,test
224,16,0,0,0.557376,0.44262394,train
225,6,1,0,0.5595975,0.44040254,train
225,17,1,0,0.55909693,0.44090298,train
225,28,0,0,0.5588129,0.4411871,train
226,48,0,0,0.55797976,0.44202024,val
226,3,1,0,0.5602132,0.43978676,train
226,31,0,0,0.559998,0.44000208,train
226,36,0,0,0.5586949,0.44130513,train
227,19,1,0,0.5572686,0.4427314,train
227,1,0,0,0.5573176,0.4426824,val
227,26,0,0,0.55529857,0.4447014,test
227,27,0,0,0.5571715,0.44282857,train
228,28,0,0,0.55562943,0.4443705,test
228,30,0,0,0.55619895,0.4438011,test
228,2,1,0,0.55614424,0.44385573,train
229,13,0,0,0.5559637,0.44403625,val
229,12,0,0,0.5558386,0.44416144,train
229,26,0,0,0.5541366,0.44586337,val
230,4,0,0,0.556412,0.4435881,train
230,10,0,0,0.5566236,0.44337636,train
230,27,0,0,0.5565317,0.44346833,train
231,47,0,0,0.55868345,0.44131655,train
231,26,0,0,0.55629617,0.44370386,train
232,49,1,0,0.55674446,0.4432555,train
232,3,0,0,0.5582863,0.44171366,train
232,12,1,0,0.55743116,0.44256875,train
232,13,0,0,0.5573302,0.4426698,train
233,2,0,0,0.55878365,0.44121632,test
233,32,0,0,0.55803305,0.44196704,train
233,38,0,0,0.55832523,0.44167474,train
234,44,0,0,0.55596435,0.44403562,test
234,38,0,0,0.55595726,0.4440427,val
235,40,0,0,0.55621547,0.44378456,test
235,8,0,0,0.5566818,0.4433182,train
235,29,1,0,0.5562207,0.4437793,train
236,26,0,0,0.5570354,0.4429646,train
236,44,0,0,0.5585697,0.44143027,test
236,18,0,0,0.55814767,0.4418524,train
237,44,1,0,0.5571169,0.44288298,test
237,9,0,0,0.55803037,0.44196966,train
237,14,1,0,0.5573053,0.4426947,train
238,45,0,0,0.55871254,0.44128755,train
238,24,1,0,0.5579936,0.44200638,test
238,25,0,0,0.5584205,0.44157952,val
239,20,0,0,0.5599123,0.4400876,train
239,33,0,0,0.55806327,0.4419367,test
239,36,0,0,0.5586932,0.44130683,train
240,23,0,0,0.5574865,0.4425135,train
240,0,0,0,0.5574645,0.44253552,train
240,26,0,0,0.5556184,0.44438162,test
240,44,0,0,0.5568568,0.4431432,train
241,23,1,0,0.5582789,0.44172108,val
241,7,0,0,0.5585451,0.44145492,train
241,43,0,0,0.5581559,0.4418441,train
242,15,0,0,0.55920273,0.44079724,train
242,39,1,0,0.5595911,0.44040892,train
242,40,0,0,0.5596263,0.4403737,train
243,45,0,0,0.5575603,0.4424397,val
243,47,1,0,0.55866945,0.44133064,train
243,37,0,0,0.5585324,0.44146767,test
244,4,0,0,0.55876,0.44123995,train
244,36,1,0,0.5586211,0.44137892,train
244,8,0,0,0.5590954,0.44090468,test
245,23,0,0,0.5588871,0.44111288,val
245,40,0,0,0.5589022,0.44109774,train
245,22,1,0,0.5585994,0.4414006,train
246,26,0,0,0.5566902,0.44330984,train
246,30,1,0,0.5589671,0.44103295,test
246,31,1,0,0.5594957,0.4405044,train
247,27,0,0,0.5565191,0.44348085,val
247,22,0,0,0.55640554,0.4435945,train
247,23,0,0,0.5565715,0.4434285,test
248,38,1,0,0.5579821,0.44201785,train
248,44,0,0,0.55782175,0.44217825,train
249,18,0,0,0.5552924,0.44470757,train
249,12,0,0,0.55624235,0.44375765,val
249,33,0,0,0.5554549,0.44454506,test
249,24,1,0,0.5550231,0.4449769,train
250,48,0,0,0.55782235,0.4421777,train
250,44,0,0,0.55772346,0.44227648,train
250,1,0,0,0.5587027,0.4412973,test
251,12,0,0,0.5605831,0.43941692,train
251,31,0,0,0.5611599,0.43884006,train
251,16,0,0,0.5604394,0.43956062,train
252,39,0,0,0.5573778,0.44262218,train
252,10,0,0,0.557215,0.44278502,train
253,27,1,0,0.556307,0.443693,val
253,17,0,0,0.5562668,0.44373322,train
253,14,1,0,0.555926,0.444074,train
254,37,0,0,0.5595441,0.44045594,train
254,44,0,0,0.5587028,0.44129723,train
254,18,1,0,0.55828613,0.44171387,train
255,13,0,0,0.55739903,0.44260097,train
255,40,0,0,0.5572746,0.44272542,train
255,14,0,0,0.5573542,0.44264576,train
255,1,0,0,0.5576814,0.44231865,train
256,1,0,0,0.55827594,0.44172406,val
256,9,0,0,0.55824876,0.4417512,train
256,1,0,0,0.55827594,0.44172406,train
257,1,0,0,0.5593615,0.44063845,test
257,16,0,0,0.5591741,0.4408259,train
257,20,0,0,0.5599775,0.44002253,train
257,8,0,0,0.5594169,0.44058317,train
258,41,1,0,0.5583151,0.44168493,train
258,4,1,0,0.55803925,0.44196078,train
258,46,0,0,0.5581758,0.4418241,train
259,4,1,0,0.5593779,0.44062212,train
259,8,0,0,0.5596508,0.44034916,train
259,40,1,0,0.55919075,0.44080928,train
260,0,0,0,0.55696076,0.4430392,test
260,22,0,0,0.5565787,0.44342133,train
261,0,0,0,0.5595954,0.44040456,train
261,34,0,0,0.5594157,0.4405843,train
261,22,1,0,0.5596927,0.44030735,test
261,36,0,0,0.5594737,0.44052634,test
262,48,0,0,0.5600113,0.43998864,train
262,23,0,0,0.56046295,0.4395371,train
262,27,0,0,0.5604234,0.43957666,train
263,22,0,0,0.55856586,0.44143412,train
263,30,0,0,0.5589939,0.44100612,train
263,43,1,0,0.5585234,0.44147664,train
263,41,0,0,0.5586541,0.44134587,val
264,31,0,0,0.56068736,0.43931264,train
264,46,0,0,0.55975986,0.44024011,train
264,26,0,0,0.5577833,0.44221666,val
264,42,1,0,0.55980396,0.44019604,train
265,19,1,0,0.5582989,0.44170114,train
265,44,0,0,0.5573579,0.44264203,train
265,14,0,0,0.5576544,0.44234562,train
265,15,1,0,0.55795896,0.44204104,test
266,5,0,0,0.5560663,0.44393367,test
266,32,0,0,0.55553675,0.44446328,val
266,9,0,0,0.5564335,0.4435665,train
267,20,0,0,0.5593234,0.44067663,test
267,17,0,0,0.558105,0.441895,train
267,47,0,0,0.558455,0.441545,train
268,47,0,0,0.5593898,0.4406102,train
268,32,0,0,0.55890054,0.44109946,test
268,37,0,0,0.55957574,0.4404243,train
269,17,0,0,0.55660444,0.44339558,train
269,47,0,0,0.5570982,0.44290176,train
270,15,0,0,0.55834293,0.44165713,train
270,47,0,0,0.5587778,0.44122216,val
270,0,0,0,0.5584247,0.4415753,train
271,32,1,0,0.55724853,0.4427515,val
271,38,0,0,0.55775523,0.44224477,train
272,32,1,0,0.5577875,0.44221255,train
272,2,0,0,0.5582001,0.44179985,val
272,20,0,0,0.55930257,0.4406975,train
273,8,0,0,0.55886054,0.44113946,train
273,42,1,0,0.5587527,0.4412473,train
274,45,0,0,0.5557159,0.44428408,val
274,23,1,0,0.55636615,0.4436339,train
275,34,0,0,0.55788296,0.442117,train
275,43,0,0,0.5579603,0.4420397,train
275,42,0,0,0.55796856,0.44203144,train
276,26,0,0,0.5569294,0.44307062,train
276,38,1,0,0.55840194,0.441598,train
276,18,1,0,0.5580676,0.44193238,train
277,48,1,0,0.5591384,0.44086164,train
277,44,0,0,0.5590413,0.44095868,train
277,6,1,0,0.5599111,0.4400889,train
278,3,0,0,0.55868566,0.44131437,test
278,21,0,0,0.55827016,0.44172975,train
279,25,1,0,0.5579316,0.44206837,train
279,45,0,0,0.55758065,0.44241935,train
279,43,1,0,0.55836946,0.4416305,train
280,40,0,0,0.556877,0.44312295,train
280,17,0,0,0.55677366,0.44322634,train
281,33,1,0,0.5571266,0.44287336,train
281,11,1,0,0.55882996,0.44117,train
281,36,0,0,0.55871797,0.441282,train
282,46,0,0,0.5578555,0.4421445,val
282,22,1,0,0.55771637,0.44228363,val
282,48,1,0,0.5573069,0.4426931,train
283,9,0,0,0.556289,0.44371095,train
283,24,0,0,0.5548205,0.44517958,train
283,27,0,0,0.5560923,0.4439077,train
284,1,1,0,0.5587581,0.4412419,train
284,46,1,0,0.55827385,0.44172612,train
284,26,0,0,0.5563128,0.4436873,train
285,36,0,0,0.5567102,0.44328988,train
285,43,0,0,0.5568744,0.44312558,train
285,30,0,0,0.5571678,0.44283217,train
286,24,1,0,0.5583142,0.44168577,train
286,36,0,0,0.55917263,0.4408274,val
286,35,0,0,0.55881804,0.44118187,train
287,16,0,0,0.55972874,0.44027126,train
287,29,0,0,0.55969644,0.4403036,train
287,22,0,0,0.5597416,0.44025835,test
288,2,1,0,0.5568644,0.4431356,val
288,44,0,0,0.55622274,0.4437772,train
288,46,1,0,0.5568593,0.44314072,train
289,47,1,0,0.55902153,0.44097847,train
289,9,0,0,0.5588818,0.44111824,val
289,14,0,0,0.5581445,0.4418555,train
290,0,1,0,0.5564232,0.44357684,train
290,31,0,0,0.5571706,0.4428294,val
291,40,0,0,0.5569084,0.44309157,train
291,19,1,0,0.5570657,0.44293424,test
291,11,0,0,0.5569332,0.4430668,train
292,18,1,0,0.55546707,0.44453296,val
292,18,1,0,0.55546707,0.44453296,train
292,8,1,0,0.5567099,0.4432901,train
293,36,0,0,0.560543,0.43945694,train
293,2,0,0,0.56067246,0.43932757,val
293,3,1,0,0.56160665,0.43839335,val
294,37,0,0,0.5587678,0.44123214,train
294,38,1,0,0.558035,0.44196495,train
295,19,0,0,0.5560735,0.44392648,train
295,31,0,0,0.5567561,0.4432439,train
296,10,0,0,0.5589128,0.4410872,test
296,38,0,0,0.55829227,0.44170776,train
296,14,1,0,0.5584805,0.44151956,train
296,4,0,0,0.5587698,0.44123015,train
297,14,1,0,0.55697334,0.4430267,train
297,49,0,0,0.55630165,0.44369844,train
297,29,0,0,0.55703825,0.44296178,train
298,30,0,0,0.5570005,0.44299945,train
298,3,1,0,0.5578698,0.44213024,train
299,8,1,0,0.5583499,0.44165003,train
299,18,0,0,0.5573212,0.4426788,train
299,10,0,0,0.5585727,0.44142732,val
300,30,0,0,0.5568735,0.44312647,train
300,49,0,0,0.5557595,0.44424057,val
300,20,0,0,0.55793583,0.4420641,train
301,11,1,0,0.56058276,0.43941724,train
301,22,0,0,0.5603253,0.43967468,val
301,15,1,0,0.56042105,0.43957895,train
301,17,0,0,0.56024384,0.43975613,train
302,25,0,0,0.5562393,0.44376066,train
302,38,0,0,0.5563892,0.4436108,train
303,16,0,0,0.5569357,0.44306433,train
303,0,1,0,0.557147,0.44285294,train
303,18,1,0,0.55601263,0.44398743,train
304,28,0,0,0.55854756,0.4414524,val
304,42,0,0,0.55920076,0.44079915,val
304,27,0,0,0.558674,0.44132605,train
304,36,0,0,0.55863607,0.4413639,val
305,28,0,0,0.5557737,0.4442263,train
305,11,0,0,0.55607367,0.44392636,train
306,30,0,0,0.557001,0.442999,train
306,49,1,0,0.5558123,0.4441877,test
306,33,1,0,0.5552092,0.4447908,train
307,23,0,0,0.55946183,0.44053814,test
307,45,0,0,0.55925846,0.44074154,test
307,34,0,0,0.5595789,0.44042113,val
307,40,0,0,0.5591565,0.44084352,val
308,13,1,0,0.557024,0.44297594,val
308,48,0,0,0.55669856,0.44330144,train
308,23,0,0,0.55734617,0.44265386,train
309,34,0,0,0.5580978,0.44190228,val
309,46,0,0,0.5580797,0.44192022,val
309,4,1,0,0.5582847,0.44171533,test
310,43,1,0,0.55699897,0.443001,train
310,43,1,0,0.55699897,0.443001,train
311,32,0,0,0.55370754,0.44629246,val
311,43,0,0,0.5543059,0.4456941,val
312,37,1,0,0.5589603,0.44103974,train
312,17,1,0,0.55864596,0.44135404,train
312,10,0,0,0.5590054,0.4409946,train
313,25,0,0,0.55699927,0.44300076,train
313,43,0,0,0.55744565,0.44255432,train
313,9,0,0,0.55777895,0.4422211,train
313,15,0,0,0.5575235,0.44247648,val
314,29,1,0,0.55503714,0.4449629,train
314,24,0,0,0.5542055,0.44579446,train
314,35,0,0,0.5547333,0.44526675,test
315,9,0,0,0.5566892,0.44331083,val
315,6,1,0,0.5569409,0.44305906,train
315,36,0,0,0.55629855,0.44370142,train
316,39,1,0,0.55869925,0.44130072,test
316,16,0,0,0.5581193,0.44188067,test
316,0,0,0,0.558367,0.44163293,val
316,23,0,0,0.5584518,0.44154826,train
317,41,0,0,0.55854475,0.44145522,train
317,17,0,0,0.5583263,0.44167376,train
317,43,0,0,0.55825555,0.44174445,val
318,39,0,0,0.55980235,0.44019768,train
318,25,0,0,0.559383,0.440617,train
319,30,0,0,0.5589045,0.4410954,train
319,12,1,0,0.5585835,0.44141644,test
319,0,0,0,0.5586359,0.4413641,train
320,17,0,0,0.55826813,0.44173184,train
320,27,0,0,0.55843234,0.44156763,train
320,21,1,0,0.5588862,0.44111383,train
320,10,1,0,0.55836177,0.44163823,train
321,19,1,0,0.55999726,0.44000277,test
321,46,0,0,0.55985,0.44015,train
321,23,0,0,0.56002873,0.4399713,train
321,16,0,0,0.55986935,0.44013065,train
322,29,1,0,0.5567409,0.44325912,train
322,8,1,0,0.55734706,0.442653,test
323,21,0,0,0.55855733,0.44144264,train
323,16,0,0,0.55784494,0.44215506,train
323,43,0,0,0.55794024,0.4420598,test
324,0,0,0,0.55642605,0.443574,train
324,44,0,0,0.5556861,0.44431382,train
324,33,0,0,0.55478823,0.44521174,train
325,35,0,0,0.5566708,0.44332922,train
325,37,0,0,0.55763763,0.44236234,train
325,26,1,0,0.5555058,0.44449416,train
325,2,0,0,0.5573892,0.44261083,val
326,10,0,0,0.55875534,0.4412447,train
326,4,1,0,0.55866736,0.4413326,train
327,18,0,0,0.5566696,0.44333044,test
327,34,0,0,0.5575256,0.4424744,val
327,47,0,0,0.55803716,0.44196284,test
328,2,0,0,0.55758166,0.44241825,train
328,7,1,0,0.5576838,0.4423162,train
328,37,0,0,0.5577902,0.44220978,val
328,7,0,0,0.5576838,0.4423162,train
329,48,0,0,0.55743885,0.44256115,test
329,20,0,0,0.5589388,0.44106123,val
329,45,0,0,0.5573909,0.44260907,train
330,31,0,0,0.55718184,0.4428181,train
330,22,0,0,0.55652237,0.44347763,train
330,7,1,0,0.5566248,0.44337517,train
331,27,0,0,0.5558964,0.44410366,train
331,28,0,0,0.5554847,0.4445153,train
332,33,0,0,0.5570587,0.44294122,test
332,20,1,0,0.55978703,0.44021297,val
332,10,0,0,0.559133,0.440867,train
333,34,1,0,0.56017303,0.439827,train
333,25,0,0,0.55966866,0.4403314,test
333,36,0,0,0.5600327,0.43996724,val
334,11,0,0,0.5601295,0.43987045,train
334,39,1,0,0.5603036,0.43969634,val
334,18,0,0,0.5591512,0.44084892,train
334,21,1,0,0.5601516,0.43984848,train
335,12,0,0,0.556243,0.44375697,val
335,30,1,0,0.55667764,0.4433224,val
335,31,1,0,0.5573114,0.44268855,val
336,28,0,0,0.5588709,0.44112903,test
336,47,1,0,0.5593069,0.44069305,val
336,18,0,0,0.5580354,0.44196463,train
337,38,0,0,0.5566667,0.4433333,train
337,1,0,0,0.5573515,0.4426484,train
337,31,0,0,0.557952,0.4420481,train
338,32,1,0,0.5553047,0.44469532,val
338,47,0,0,0.5562362,0.44376376,train
339,22,0,0,0.55776,0.44224003,test
339,45,0,0,0.5573142,0.44268578,train
339,40,0,0,0.55818826,0.44181177,train
340,21,0,0,0.5594483,0.44055176,train
340,33,1,0,0.55765617,0.44234377,train
340,28,0,0,0.55832535,0.44167474,train
341,38,1,0,0.55856556,0.4414344,train
341,39,0,0,0.5590346,0.44096538,train
341,37,1,0,0.5589349,0.44106513,train
341,7,0,0,0.55862767,0.44137233,train
342,24,1,0,0.55654514,0.44345483,train
342,46,1,0,0.5577077,0.44229224,train
342,40,1,0,0.55772346,0.44227648,test
343,18,0,0,0.5565597,0.4434403,train
343,18,0,0,0.5565597,0.4434403,train
343,18,0,0,0.5565597,0.4434403,train
344,38,1,0,0.557388,0.44261196,test
344,11,1,0,0.5577821,0.4422179,train
345,18,0,0,0.55647373,0.4435263,val
345,23,0,0,0.5576953,0.44230464,train
345,32,1,0,0.55713713,0.44286278,train
345,15,0,0,0.5575726,0.44242743,train
346,10,0,0,0.55651754,0.4434825,train
346,22,0,0,0.55582863,0.44417134,train
347,16,0,0,0.559205,0.4407951,train
347,3,0,0,0.5604644,0.43953565,test
347,18,1,0,0.5585569,0.4414431,train
348,42,0,0,0.5566289,0.44337112,val
348,40,0,0,0.5563622,0.44363776,train
348,21,0,0,0.55719495,0.44280505,test
349,32,0,0,0.55695486,0.4430451,val
349,18,1,0,0.5564933,0.4435067,train
349,45,0,0,0.5570528,0.44294727,train
349,24,1,0,0.55632526,0.44367474,train
350,5,0,0,0.5598171,0.4401829,train
350,21,0,0,0.5599814,0.44001853,train
350,2,0,0,0.55942005,0.44057995,train
351,3,0,0,0.5601797,0.43982032,train
351,28,1,0,0.55919015,0.44080988,train
351,12,1,0,0.5592172,0.44078276,train
352,31,0,0,0.5574021,0.44259793,train
352,27,1,0,0.5561945,0.44380552,val
352,29,0,0,0.5559967,0.4440033,train
353,8,0,0,0.56019104,0.43980896,train
353,22,0,0,0.55993205,0.44006795,test
353,1,1,0,0.5601545,0.43984547,train
354,5,0,0,0.556701,0.44329894,train
354,19,1,0,0.5568458,0.4431542,train
354,37,0,0,0.55696183,0.44303814,test
355,48,0,0,0.5571664,0.44283354,train
355,42,0,0,0.5577837,0.4422163,test
355,38,1,0,0.5572829,0.44271708,train
356,2,0,0,0.5558534,0.44414657,train
356,7,0,0,0.5560264,0.4439736,train
357,28,1,0,0.5573596,0.4426404,val
357,1,0,0,0.5578411,0.44215894,train
357,29,0,0,0.5572866,0.44271338,train
357,45,1,0,0.55702156,0.44297844,train
358,6,0,0,0.5597805,0.44021958,test
358,43,0,0,0.55927414,0.44072577,test
358,14,0,0,0.55896175,0.4410383,test
358,13,0,0,0.55913067,0.44086933,train
359,19,0,0,0.5583371,0.44166288,test
359,29,0,0,0.557917,0.44208294,train
359,19,1,0,0.5583371,0.44166288,test
360,37,0,0,0.5577463,0.4422537,test
360,36,0,0,0.5572805,0.44271952,train
360,25,0,0,0.5569529,0.4430471,train
360,38,1,0,0.55712444,0.44287562,train
361,17,0,0,0.55654055,0.44345942,train
361,17,0,0,0.55654055,0.44345942,train
361,22,0,0,0.5564295,0.44357046,test
362,42,1,0,0.5571685,0.44283155,val
362,18,1,0,0.5563303,0.44366965,train
362,1,1,0,0.5574636,0.4425365,train
363,4,0,0,0.55667883,0.4433212,train
363,26,0,0,0.55486596,0.44513398,val
363,48,0,0,0.556159,0.44384098,val
364,40,0,0,0.5586738,0.44132617,train
364,15,0,0,0.5584012,0.44159883,test
364,18,0,0,0.55758727,0.4424128,train
365,30,0,0,0.55907494,0.44092506,train
365,43,1,0,0.5587602,0.4412398,val
365,5,1,0,0.55900216,0.44099784,train
366,38,0,0,0.55851614,0.44148386,val
366,12,0,0,0.55880547,0.44119447,train
366,40,0,0,0.5589795,0.44102043,test
367,18,0,0,0.55866045,0.44133952,val
367,10,0,0,0.5598286,0.44017142,train
367,35,0,0,0.5586824,0.44131765,train
368,12,1,0,0.55816776,0.44183224,train
368,44,0,0,0.55763155,0.44236836,train
368,17,1,0,0.5581637,0.44183633,test
369,48,0,0,0.5576498,0.44235018,test
369,46,0,0,0.55818915,0.44181094,train
369,41,1,0,0.5584686,0.44153142,train
370,38,1,0,0.5583008,0.44169927,test
370,36,0,0,0.55832857,0.44167146,val
371,46,1,0,0.5595867,0.44041324,train
371,27,0,0,0.5599618,0.4400382,train
371,25,0,0,0.5593346,0.44066542,train
371,1,1,0,0.56006855,0.4399314,train
372,14,0,0,0.55668676,0.4433133,train
372,32,0,0,0.5563318,0.44366816,test
372,13,1,0,0.55700314,0.4429968,train
373,48,0,0,0.5586806,0.44131947,train
373,5,0,0,0.5594851,0.44051495,train
373,47,0,0,0.55969226,0.4403077,train
374,11,1,0,0.5592912,0.4407088,train
374,19,0,0,0.55932975,0.4406703,train
374,32,0,0,0.5586941,0.4413059,test
375,33,1,0,0.5584963,0.44150373,train
375,41,1,0,0.55922127,0.44077867,val
375,0,1,0,0.5589765,0.44102356,val
376,0,1,0,0.5586007,0.44139928,val
376,31,1,0,0.5591686,0.4408314,test
376,39,0,0,0.55889916,0.4411009,train
376,3,0,0,0.55939823,0.44060177,train
377,30,0,0,0.55877185,0.44122815,train
377,32,0,0,0.5577807,0.44221923,train
377,48,0,0,0.5578072,0.44219276,test
378,40,0,0,0.5559236,0.44407645,val
378,25,0,0,0.55548763,0.4445124,test
378,26,0,0,0.5543569,0.44564313,train
379,3,1,0,0.5575099,0.44249007,train
379,30,1,0,0.55667263,0.4433274,train
380,19,0,0,0.55653,0.44346997,train
380,46,0,0,0.55616176,0.44383818,test
380,41,0,0,0.5564492,0.4435508,test
381,8,1,0,0.5583297,0.44167027,val
381,11,1,0,0.55811495,0.44188502,train
381,14,0,0,0.5577354,0.44226468,train
381,23,0,0,0.5582687,0.44173124,val
382,36,0,0,0.556353,0.44364697,train
382,20,0,0,0.55779815,0.44220185,train
382,38,1,0,0.55635446,0.4436455,val
383,48,0,0,0.55629003,0.44371,test
383,44,1,0,0.5562421,0.44375786,val
383,2,0,0,0.5567518,0.44324824,test
384,5,0,0,0.55916846,0.4408315,train
384,20,0,0,0.56027293,0.43972707,train
384,5,0,0,0.55916846,0.4408315,val
385,45,0,0,0.5587334,0.44126657,train
385,21,0,0,0.5598863,0.44011366,train
385,38,1,0,0.55868405,0.44131595,train
386,42,0,0,0.5586498,0.44135022,train
386,0,0,0,0.5588713,0.44112867,train
386,44,0,0,0.5580954,0.4419046,train
387,15,0,0,0.55635506,0.4436449,train
387,11,0,0,0.5565012,0.4434988,train
387,30,0,0,0.55673426,0.44326577,train
388,18,0,0,0.55675113,0.4432489,train
388,23,1,0,0.5576148,0.44238517,test
388,3,0,0,0.55875343,0.4412465,train
389,19,0,0,0.56005764,0.4399424,val
389,47,0,0,0.5601762,0.43982384,train
389,0,0,0,0.5599416,0.44005847,train
390,43,0,0,0.5574654,0.44253463,train
390,40,0,0,0.55735165,0.44264838,train
390,8,0,0,0.55776626,0.44223374,train
390,2,1,0,0.55777377,0.44222623,test
391,15,0,0,0.5574443,0.4425557,val
391,40,0,0,0.5578202,0.4421799,test
391,29,0,0,0.55735147,0.44264856,train
392,28,0,0,0.5557505,0.44424948,train
392,43,0,0,0.5560305,0.44396946,val
392,6,1,0,0.5565478,0.44345215,train
393,35,0,0,0.55809575,0.44190422,train
393,24,0,0,0.5575935,0.4424065,val
393,23,0,0,0.5588338,0.4411662,train
394,30,0,0,0.5591218,0.44087815,train
394,48,1,0,0.5582685,0.44173154,train
394,19,0,0,0.5588688,0.44113114,val
395,38,0,0,0.55751187,0.4424882,train
395,20,0,0,0.5590404,0.44095957,train
395,31,0,0,0.5586842,0.44131586,test
396,29,1,0,0.55636495,0.44363508,train
396,21,1,0,0.5570994,0.44290057,train
396,23,0,0,0.55669177,0.44330817,train
397,11,0,0,0.5587443,0.44125566,val
397,3,1,0,0.5598012,0.44019875,train
397,40,0,0,0.55882865,0.44117135,train
398,30,0,0,0.55680007,0.44319993,val
398,9,0,0,0.5568352,0.44316486,train
399,20,0,0,0.5607023,0.43929765,train
399,5,0,0,0.5592851,0.44071487,train
399,23,0,0,0.559354,0.440646,train
399,10,0,0,0.55928016,0.4407198,train
400,0,0,0,0.5567008,0.44329917,train
400,35,0,0,0.55583924,0.44416073,train
400,13,1,0,0.55646765,0.44353235,train
401,7,0,0,0.55727905,0.442721,train
401,18,0,0,0.55622613,0.44377384,train
402,40,0,0,0.5595388,0.44046125,train
402,39,0,0,0.55949426,0.44050574,test
402,19,1,0,0.5593723,0.44062772,test
403,45,0,0,0.55972004,0.44028,train
403,25,1,0,0.5591292,0.44087082,test
403,2,0,0,0.5597641,0.44023588,train
403,43,0,0,0.5594972,0.44050282,val
404,49,0,0,0.5566703,0.4433297,train
404,42,1,0,0.55781364,0.44218636,train
404,13,0,0,0.5575422,0.44245777,test
404,28,0,0,0.5574961,0.44250393,test
405,8,0,0,0.5571248,0.44287518,train
405,28,0,0,0.55691886,0.44308108,train
405,44,0,0,0.5565135,0.44348648,train
406,42,0,0,0.5560236,0.4439764,train
406,43,0,0,0.55614156,0.44385839,train
407,25,0,0,0.55671084,0.44328916,test
407,38,0,0,0.5567445,0.4432555,train
407,6,1,0,0.55748296,0.44251698,val
408,13,1,0,0.55935717,0.4406429,test
408,37,1,0,0.5598197,0.44018033,train
409,47,0,0,0.55825037,0.4417497,train
409,27,0,0,0.5578545,0.4421455,test
409,20,1,0,0.5588365,0.44116345,train
409,23,0,0,0.55797106,0.44202897,train
410,14,0,0,0.5545025,0.44549757,train
410,24,1,0,0.55350685,0.44649315,train
411,27,1,0,0.5564558,0.44354424,train
411,30,1,0,0.55680734,0.44319263,train
411,46,0,0,0.5563451,0.4436549,test
412,49,0,0,0.55732393,0.44267604,train
412,34,0,0,0.5581785,0.44182152,train
412,6,0,0,0.55864984,0.4413502,train
413,27,1,0,0.5568009,0.443199,train
413,42,0,0,0.55663496,0.44336507,val
413,34,0,0,0.5566222,0.44337782,test
414,21,0,0,0.56193197,0.43806803,train
414,35,0,0,0.56076705,0.43923295,train
414,29,0,0,0.5610243,0.43897566,train
415,30,1,0,0.55788815,0.4421119,train
415,30,0,0,0.55788815,0.4421119,train
415,27,1,0,0.55768573,0.4423143,val
416,16,1,0,0.55683225,0.44316778,test
416,21,0,0,0.5577162,0.44228378,test
417,12,0,0,0.5575419,0.44245806,test
417,44,0,0,0.5571162,0.44288376,val
417,10,0,0,0.55791026,0.44208977,train
418,13,0,0,0.556396,0.44360402,val
418,49,0,0,0.5554696,0.4445305,train
418,37,0,0,0.55682415,0.44317588,train
419,23,0,0,0.55746156,0.44253844,test
419,48,0,0,0.5570094,0.44299066,train
420,38,0,0,0.561036,0.43896404,train
420,35,0,0,0.56068194,0.43931803,train
420,39,0,0,0.5613549,0.43864515,train
421,44,0,0,0.55533254,0.4446675,train
421,3,0,0,0.5571512,0.44284877,train
421,24,0,0,0.55470365,0.44529632,train
422,41,0,0,0.55999345,0.44000652,val
422,20,0,0,0.5608919,0.4391081,train
422,29,1,0,0.55989754,0.4401024,train
423,0,0,0,0.55855894,0.44144103,train
423,48,1,0,0.55813235,0.44186762,val
423,18,1,0,0.5579751,0.44202483,train
423,42,0,0,0.55887127,0.44112873,train
424,3,0,0,0.55981326,0.44018674,val
424,31,0,0,0.55959564,0.44040444,test
424,42,0,0,0.5585385,0.44146144,train
424,27,0,0,0.5585619,0.44143808,train
425,1,1,0,0.5614693,0.4385306,test
425,36,0,0,0.5608437,0.43915626,train
425,1,1,0,0.5614693,0.4385306,train
425,4,1,0,0.5610764,0.43892357,train
426,21,1,0,0.55807126,0.44192874,val
426,1,0,0,0.55763745,0.44236252,train
426,13,1,0,0.5571491,0.4428509,train
427,4,1,0,0.55764824,0.44235173,train
427,11,1,0,0.55758697,0.44241306,train
428,30,0,0,0.5628037,0.4371963,train
428,9,1,0,0.562685,0.43731505,val
428,32,0,0,0.5618796,0.43812045,test
429,26,0,0,0.55516976,0.4448303,train
429,40,1,0,0.5565858,0.44341424,train
429,45,0,0,0.55666757,0.44333246,train
429,12,1,0,0.5566915,0.4433085,train
430,2,0,0,0.5578147,0.44218528,train
430,1,0,0,0.5578403,0.44215977,train
430,12,1,0,0.55762315,0.44237688,train
430,34,0,0,0.55722314,0.44277683,train
431,12,0,0,0.5574355,0.44256455,train
431,17,0,0,0.5577228,0.44227722,train
431,38,0,0,0.5575818,0.44241822,train
431,44,1,0,0.5573379,0.44266215,train
432,18,1,0,0.5566336,0.4433664,train
432,20,0,0,0.55882776,0.4411723,test
433,27,0,0,0.55748713,0.44251284,train
433,45,1,0,0.5572479,0.4427521,train
433,37,1,0,0.557889,0.44211102,train
433,33,1,0,0.5564809,0.44351915,train
434,12,0,0,0.5599673,0.4400327,val
434,20,0,0,0.5609701,0.4390298,train
434,10,1,0,0.5600675,0.43993255,train
435,49,0,0,0.5587879,0.44121212,train
435,47,1,0,0.5595296,0.44047037,train
436,13,1,0,0.55934817,0.44065186,train
436,4,0,0,0.55930483,0.44069514,train
436,13,1,0,0.55934817,0.44065186,test
437,24,0,0,0.5550648,0.4449352,train
437,16,0,0,0.5560042,0.4439957,train
438,18,0,0,0.55983335,0.44016662,val
438,25,0,0,0.5602241,0.4397759,val
438,15,0,0,0.5605224,0.43947762,train
439,10,1,0,0.55843383,0.44156608,train
439,34,0,0,0.5579496,0.44205043,train
439,0,1,0,0.55845344,0.44154653,test
440,2,0,0,0.5565825,0.44341755,train
440,9,1,0,0.5570103,0.44298977,test
440,31,1,0,0.55764395,0.44235602,train
441,31,1,0,0.55893433,0.4410657,train
441,21,0,0,0.55861956,0.44138047,train
441,12,0,0,0.558032,0.44196808,train
442,1,0,0,0.5582995,0.44170052,train
442,24,0,0,0.55693144,0.44306853,test
442,25,0,0,0.55754405,0.44245598,val
442,21,0,0,0.55859613,0.44140387,val
443,3,0,0,0.5586389,0.4413611,train
443,41,1,0,0.5579824,0.44201767,train
443,45,0,0,0.5568604,0.44313964,train
444,12,1,0,0.5582754,0.4417246,train
444,13,1,0,0.55813664,0.44186333,train
444,21,0,0,0.558895,0.441105,train
445,0,0,0,0.55999047,0.44000947,train
445,48,0,0,0.5597318,0.4402682,train
445,28,0,0,0.55985004,0.44014993,test
445,22,1,0,0.55983764,0.44016242,train
446,49,0,0,0.5584866,0.44151345,train
446,42,0,0,0.55908597,0.44091403,train
446,25,0,0,0.5583752,0.44162485,train
446,24,0,0,0.55793536,0.44206464,train
447,6,0,0,0.55776703,0.44223288,train
447,32,1,0,0.55673695,0.44326305,val
448,11,0,0,0.5570356,0.4429644,train
448,13,1,0,0.5570343,0.44296575,train
448,45,1,0,0.5564047,0.44359523,train
449,1,0,0,0.55778277,0.44221726,train
449,35,1,0,0.5568621,0.44313785,train
449,27,0,0,0.5576203,0.44237968,train
450,31,0,0,0.558254,0.44174597,train
450,12,1,0,0.55686766,0.44313237,train
451,47,0,0,0.5569428,0.44305712,train
451,29,0,0,0.5562095,0.44379053,train
451,3,0,0,0.5576911,0.44230893,train
452,8,0,0,0.5579517,0.44204834,train
452,15,0,0,0.5577645,0.44223553,train
452,42,0,0,0.5577433,0.44225666,train
452,10,1,0,0.55780476,0.4421952,train
453,25,0,0,0.5559613,0.44403872,val
453,0,0,0,0.5567829,0.44321716,train
454,23,0,0,0.5580624,0.44193766,train
454,3,0,0,0.5588367,0.44116336,val
454,45,0,0,0.5574357,0.4425643,val
454,15,0,0,0.5579276,0.44207236,test
455,9,0,0,0.56238693,0.43761313,val
455,43,0,0,0.56187737,0.4381226,train
455,26,0,0,0.560559,0.439441,val
455,40,0,0,0.5618296,0.43817037,val
456,12,0,0,0.5599294,0.44007063,test
456,48,1,0,0.5595011,0.44049892,train
456,12,1,0,0.5599294,0.44007063,train
456,18,0,0,0.55931133,0.44068876,train
457,23,0,0,0.55812955,0.4418705,train
457,18,0,0,0.5570449,0.44295508,train
457,32,0,0,0.5569139,0.44308612,train
458,43,1,0,0.55733764,0.4426623,train
458,2,0,0,0.55748224,0.4425177,train
458,36,0,0,0.55721605,0.442784,train
458,23,0,0,0.5574856,0.44251442,train
459,36,0,0,0.5586922,0.44130778,val
459,33,0,0,0.5569411,0.44305885,train
459,1,0,0,0.5591956,0.44080442,test
460,34,0,0,0.5584661,0.44153395,val
460,49,1,0,0.55773544,0.44226453,train
460,47,0,0,0.55876434,0.44123563,train
461,10,0,0,0.55734575,0.44265425,train
461,22,1,0,0.55675113,0.44324887,test
462,11,0,0,0.5600674,0.43993255,val
462,5,1,0,0.5602913,0.4397088,train
463,11,1,0,0.5582007,0.4417993,val
463,5,0,0,0.5584703,0.44152975,train
463,40,0,0,0.5583275,0.44167247,train
464,0,0,0,0.5576973,0.44230267,train
464,39,0,0,0.5577929,0.44220713,train
464,27,0,0,0.5577769,0.44222304,val
465,32,0,0,0.5557153,0.44428465,test
465,3,0,0,0.55729896,0.44270104,train
465,40,1,0,0.5560124,0.44398767,test
466,30,1,0,0.55528957,0.4447105,train
466,4,1,0,0.5552082,0.4447918,train
467,14,0,0,0.55694705,0.443053,train
467,36,0,0,0.55712503,0.442875,train
467,25,1,0,0.55673563,0.44326437,train
468,29,0,0,0.55725414,0.44274583,train
468,13,1,0,0.5574894,0.44251055,train
469,4,1,0,0.55842584,0.44157422,val
469,31,0,0,0.5594668,0.4405332,train
469,33,0,0,0.55690455,0.44309542,train
469,26,0,0,0.556708,0.44329208,train
470,16,1,0,0.55694866,0.4430514,train
470,37,0,0,0.55741864,0.44258136,train
471,47,0,0,0.5583303,0.44166976,train
471,23,1,0,0.5580692,0.4419308,test
472,48,0,0,0.5566671,0.44333297,val
472,1,0,0,0.55739534,0.44260466,val
472,36,0,0,0.5569591,0.44304094,train
473,32,0,0,0.555844,0.44415593,train
473,24,1,0,0.5552606,0.44473937,test
473,26,0,0,0.5545738,0.44542626,test
474,30,0,0,0.5588641,0.44113588,test
474,43,1,0,0.55858105,0.44141895,train
474,4,0,0,0.5585877,0.4414123,train
475,14,0,0,0.55615926,0.44384074,train
475,2,0,0,0.5566042,0.4433957,train
475,9,0,0,0.5568869,0.44311312,train
476,39,0,0,0.55859995,0.4414001,train
476,33,1,0,0.5566139,0.44338614,train
476,8,0,0,0.5585156,0.44148436,val
476,11,0,0,0.5582698,0.44173023,test
477,23,1,0,0.5591759,0.44082412,train
477,48,0,0,0.5583601,0.44163996,train
477,9,0,0,0.5592134,0.44078666,train
478,40,0,0,0.55729437,0.44270557,train
478,7,1,0,0.5576504,0.44234958,val
479,42,0,0,0.56112856,0.43887147,train
479,13,0,0,0.5610698,0.43893018,val
479,4,0,0,0.5612373,0.43876266,train
480,10,0,0,0.55944365,0.44055632,train
480,37,0,0,0.55958873,0.44041127,test
480,28,0,0,0.5592826,0.44071746,val
480,41,0,0,0.55956054,0.44043952,train
481,34,0,0,0.56129324,0.4387068,val
481,23,1,0,0.5616042,0.4383958,train
481,11,0,0,0.5615771,0.43842298,val
482,18,0,0,0.5556195,0.4443805,test
482,22,0,0,0.5560587,0.44394127,val
483,21,0,0,0.557022,0.442978,train
483,49,0,0,0.55551416,0.44448584,test
483,9,0,0,0.55684024,0.44315973,test
484,29,1,0,0.5591103,0.4408897,train
484,32,0,0,0.55889094,0.441109,val
484,46,0,0,0.5588989,0.441101,train
485,27,1,0,0.55645615,0.44354385,train
485,36,0,0,0.5562115,0.44378847,train
485,18,0,0,0.55547905,0.44452092,train
486,48,0,0,0.55605,0.44395003,val
486,2,0,0,0.5564189,0.4435811,train
487,45,0,0,0.55835336,0.44164664,train
487,16,0,0,0.5584856,0.4415144,test
488,14,0,0,0.55643255,0.44356745,train
488,15,0,0,0.55664676,0.4433532,train
488,45,1,0,0.55614483,0.4438552,train
489,24,0,0,0.5582147,0.44178528,train
489,18,0,0,0.55835015,0.44164985,train
489,8,1,0,0.5594757,0.4405243,train
490,26,0,0,0.5592969,0.4407031,train
490,29,1,0,0.56091076,0.4390892,train
490,34,1,0,0.5611546,0.43884534,val
491,3,0,0,0.56006485,0.43993518,train
491,5,0,0,0.5592655,0.44073448,train
491,35,0,0,0.5583184,0.44168162,train
492,29,1,0,0.5560623,0.4439377,train
492,4,0,0,0.55610526,0.44389465,train
492,15,1,0,0.5562679,0.44373208,test
493,20,0,0,0.5609032,0.43909678,test
493,21,0,0,0.5601181,0.439882,val
493,21,0,0,0.5601181,0.439882,train
493,32,0,0,0.5589755,0.44102454,train
494,24,0,0,0.55814517,0.44185483,train
494,34,0,0,0.55871147,0.44128856,train
494,39,0,0,0.55957747,0.4404225,train
494,32,1,0,0.55862254,0.44137743,test
495,14,0,0,0.55976045,0.44023958,val
495,39,1,0,0.56049734,0.43950272,train
495,28,0,0,0.55978024,0.4402198,train
496,1,1,0,0.5575633,0.4424367,train
496,20,0,0,0.55858105,0.44141895,train
497,21,0,0,0.5558611,0.4441389,train
497,24,0,0,0.5538621,0.44613793,train
498,9,0,0,0.55982524,0.44017485,train
498,3,0,0,0.560465,0.43953505,test
498,29,0,0,0.5594683,0.44053164,train
499,25,0,0,0.55670875,0.4432912,train
499,22,1,0,0.5570125,0.44298756,val
500,46,0,0,0.55874634,0.44125366,train
500,44,0,0,0.55820906,0.4417909,train
500,1,0,0,0.5590777,0.4409223,test
500,3,1,0,0.56006473,0.4399352,test
501,40,1,0,0.556344,0.4436561,train
501,4,0,0,0.5561523,0.4438478,train
502,0,0,0,0.5564787,0.44352126,train
502,2,0,0,0.55640244,0.44359758,val
502,31,1,0,0.5575288,0.4424712,train
503,0,1,0,0.5566786,0.4433214,train
503,44,1,0,0.5560165,0.44398344,val
503,43,0,0,0.55656326,0.44343674,test
504,18,0,0,0.55762666,0.44237328,train
504,6,1,0,0.55888873,0.4411113,train
504,34,0,0,0.5583132,0.4416868,test
505,39,0,0,0.5558961,0.4441039,train
505,6,0,0,0.55596256,0.44403747,test
506,38,1,0,0.55694836,0.44305164,test
506,19,1,0,0.55764294,0.44235712,val
506,47,0,0,0.55786675,0.44213328,train
507,47,1,0,0.5584907,0.44150937,test
507,8,0,0,0.5584757,0.4415243,val
507,9,1,0,0.5583882,0.44161183,test
508,22,0,0,0.5578706,0.44212937,train
508,36,0,0,0.5576339,0.4423661,train
508,37,0,0,0.55810994,0.44189006,val
508,47,0,0,0.55831736,0.4416827,val
509,6,0,0,0.5561289,0.44387108,val
509,21,1,0,0.5563448,0.44365522,train
510,41,0,0,0.5589291,0.44107094,val
510,26,0,0,0.55782235,0.44217768,train
510,26,0,0,0.55782235,0.44217768,train
510,17,1,0,0.5588098,0.44119015,train
511,12,0,0,0.5575245,0.44247556,train
511,29,1,0,0.55728406,0.44271594,train
511,23,0,0,0.557635,0.44236505,test
511,44,0,0,0.55709463,0.44290534,test
512,5,0,0,0.5584641,0.44153583,train
512,37,1,0,0.5584307,0.44156927,val
512,14,0,0,0.5577684,0.44223166,train
513,41,1,0,0.56376946,0.43623057,train
513,7,0,0,0.5639513,0.43604863,train
513,21,0,0,0.5640785,0.43592146,val
514,23,1,0,0.5555659,0.44443408,train
514,27,1,0,0.55554163,0.44445828,train
515,23,0,0,0.56056094,0.43943912,val
515,43,1,0,0.5601891,0.43981084,train
515,45,0,0,0.5600739,0.4399261,train
515,47,0,0,0.56055146,0.4394486,train
516,32,1,0,0.55720294,0.44279703,train
516,9,0,0,0.55790824,0.4420917,train
516,12,0,0,0.557541,0.44245902,val
517,22,0,0,0.55628276,0.44371727,train
517,7,0,0,0.55669206,0.443308,train
517,0,0,0,0.556425,0.443575,train
518,35,0,0,0.55928373,0.44071624,train
518,9,0,0,0.5601717,0.43982828,train
518,9,1,0,0.5601717,0.43982828,train
519,49,0,0,0.5538989,0.4461011,test
519,34,0,0,0.5547422,0.4452578,train
520,18,1,0,0.5584111,0.44158888,train
520,35,1,0,0.55881864,0.44118127,train
520,2,0,0,0.55963147,0.44036853,train
520,3,0,0,0.5606642,0.4393358,val
521,32,0,0,0.5551002,0.44489977,train
521,35,0,0,0.5549949,0.44500515,train
522,20,1,0,0.5590263,0.44097373,train
522,44,1,0,0.5575545,0.4424455,train
522,39,0,0,0.55827975,0.44172025,val
523,9,0,0,0.5587028,0.44129723,test
523,37,1,0,0.55877674,0.44122326,val
523,29,0,0,0.5580358,0.4419642,train
524,34,1,0,0.55857104,0.4414289,test
524,38,0,0,0.5584021,0.44159785,train
524,2,0,0,0.5588655,0.44113457,train
524,15,0,0,0.558904,0.44109604,train
525,10,1,0,0.55860275,0.44139725,train
525,18,1,0,0.5574841,0.4425159,test
525,7,0,0,0.55877274,0.44122723,val
526,25,0,0,0.55851924,0.44148082,train
526,47,0,0,0.5593615,0.44063845,train
526,31,0,0,0.55991644,0.4400836,train
527,3,1,0,0.55741286,0.44258717,train
527,12,0,0,0.55614585,0.44385412,train
527,28,0,0,0.55597067,0.44402936,val
528,37,0,0,0.5591692,0.4408309,train
528,34,0,0,0.55869263,0.4413074,train
528,29,0,0,0.5584763,0.44152364,train
529,1,0,0,0.55987185,0.44012815,train
529,34,0,0,0.55959886,0.44040114,train
530,8,1,0,0.5571993,0.44280064,train
530,37,1,0,0.5573599,0.4426402,train
531,40,0,0,0.55652136,0.44347864,test
531,6,0,0,0.55689317,0.4431068,train
531,41,0,0,0.55670965,0.44329038,train
532,2,0,0,0.55858165,0.44141835,train
532,12,0,0,0.55853933,0.44146076,val
532,19,0,0,0.55869055,0.4413095,train
533,33,0,0,0.55654335,0.44345668,train
533,8,0,0,0.55812037,0.4418796,test
534,41,0,0,0.5592009,0.44079915,val
534,4,1,0,0.5589474,0.44105262,val
534,9,0,0,0.55914617,0.44085386,train
535,43,0,0,0.5594227,0.4405773,train
535,5,0,0,0.5596769,0.44032308,val
535,14,0,0,0.55933964,0.44066036,val
536,30,1,0,0.560234,0.43976596,train
536,14,0,0,0.55945647,0.4405435,train
536,20,0,0,0.5611547,0.43884525,val
536,8,0,0,0.5599142,0.4400858,val
537,43,1,0,0.55750394,0.44249606,train
537,46,0,0,0.5572949,0.44270507,train
537,47,0,0,0.5580205,0.4419795,train
537,3,0,0,0.5584643,0.44153568,train
538,31,0,0,0.5581021,0.441898,train
538,31,0,0,0.5581021,0.441898,test
538,2,1,0,0.5575702,0.44242975,train
539,16,0,0,0.55577177,0.44422817,test
539,12,0,0,0.55580777,0.44419217,train
539,33,0,0,0.5545269,0.44547313,train
540,20,0,0,0.5585302,0.44146976,test
540,41,0,0,0.55734426,0.44265574,train
540,1,1,0,0.557339,0.44266102,train
541,48,1,0,0.5566584,0.44334158,test
541,33,1,0,0.55551195,0.44448805,test
542,29,0,0,0.55631655,0.44368342,val
542,26,0,0,0.55478567,0.44521436,train
542,16,0,0,0.5564139,0.4435861,test
543,11,0,0,0.558469,0.44153094,train
543,1,0,0,0.55889535,0.44110462,train
543,15,0,0,0.5582846,0.4417154,train
544,47,0,0,0.55869675,0.4413032,test
544,25,0,0,0.55810696,0.44189298,test
544,1,0,0,0.55878234,0.44121763,train
545,36,1,0,0.5576592,0.4423407,train
545,0,1,0,0.55798227,0.44201773,train
545,21,1,0,0.55841047,0.44158956,train
545,22,0,0,0.5578866,0.44211346,test
546,13,0,0,0.5587271,0.44127294,train
546,18,0,0,0.5579235,0.4420765,test
546,21,1,0,0.5595512,0.44044876,train
547,12,0,0,0.5577518,0.44224828,val
547,18,0,0,0.55734164,0.44265833,val
547,36,1,0,0.55791295,0.44208702,train
548,4,1,0,0.5566769,0.4433231,val
548,38,1,0,0.5562127,0.44378734,train
548,14,0,0,0.55641854,0.44358146,train
549,22,1,0,0.5578165,0.4421835,train
549,43,0,0,0.5580444,0.4419556,train
549,31,0,0,0.55895907,0.44104102,train
550,8,0,0,0.5589802,0.44101983,test
550,21,0,0,0.5592685,0.44073147,train
550,41,0,0,0.5588875,0.44111255,train
551,21,0,0,0.55820173,0.4417982,train
551,31,1,0,0.5585847,0.44141534,train
551,30,0,0,0.5579069,0.44209307,val
552,3,0,0,0.5600973,0.4399027,train
552,8,0,0,0.558998,0.44100198,train
552,30,0,0,0.55929035,0.44070965,train
553,37,1,0,0.5590366,0.44096342,train
553,31,1,0,0.5595721,0.44042793,test
553,47,0,0,0.55897707,0.44102296,val
554,5,0,0,0.5579173,0.44208273,train
554,38,1,0,0.55760795,0.4423921,train
554,9,0,0,0.5582764,0.44172353,train
554,6,0,0,0.5585551,0.4414449,train
555,20,0,0,0.55913943,0.44086063,train
555,43,0,0,0.5578458,0.44215423,test
555,48,0,0,0.5574625,0.44253755,train
556,14,0,0,0.5555913,0.44440868,train
556,16,1,0,0.5556341,0.44436595,train
557,35,0,0,0.55548245,0.44451758,train
557,22,0,0,0.5560466,0.44395342,train
557,17,1,0,0.5561257,0.44387427,val
558,31,0,0,0.5571339,0.44286606,train
558,31,1,0,0.5571339,0.44286606,val
558,17,0,0,0.556212,0.443788,train
559,28,1,0,0.55468845,0.4453115,train
559,0,0,0,0.55538493,0.44461507,train
560,48,0,0,0.5580213,0.44197872,train
560,34,1,0,0.5584434,0.44155654,train
560,26,1,0,0.55657905,0.44342092,train
561,15,0,0,0.5604639,0.43953615,test
561,47,1,0,0.56064934,0.4393507,train
561,40,1,0,0.56024796,0.43975213,train
561,1,0,0,0.5606498,0.43935028,train
562,21,0,0,0.55852973,0.44147024,train
562,16,1,0,0.55781466,0.44218525,train
562,16,1,0,0.55781466,0.44218525,train
562,6,0,0,0.5586371,0.44136298,test
563,23,0,0,0.5563007,0.4436993,val
563,32,0,0,0.55542505,0.44457492,train
564,4,0,0,0.55773497,0.442265,test
564,25,0,0,0.55742925,0.44257075,train
564,20,0,0,0.55907536,0.44092458,train
564,9,0,0,0.558191,0.44180897,train
565,34,1,0,0.55673236,0.4432676,train
565,43,0,0,0.55697185,0.44302812,train
565,19,1,0,0.55709606,0.44290388,train
566,27,0,0,0.55743665,0.44256333,test
566,13,0,0,0.55711967,0.44288027,train
566,9,0,0,0.55763054,0.44236943,train
567,21,0,0,0.5582861,0.4417139,val
567,46,0,0,0.5575756,0.44242436,val
567,10,0,0,0.5578809,0.4421191,train
568,42,1,0,0.5605144,0.4394856,train
568,32,0,0,0.56013936,0.4398607,train
568,9,0,0,0.56082994,0.43917,train
568,42,1,0,0.5605144,0.4394856,val
569,6,0,0,0.56243604,0.43756396,test
569,10,1,0,0.56252337,0.43747666,train
569,32,1,0,0.56118715,0.43881285,train
570,37,0,0,0.55934477,0.44065517,train
570,44,0,0,0.5585445,0.44145548,train
570,41,0,0,0.5594147,0.44058526,train
571,0,0,0,0.55967546,0.44032452,test
571,8,0,0,0.5599836,0.44001636,train
571,1,1,0,0.559798,0.440202,train
572,43,0,0,0.5571612,0.44283876,train
572,4,0,0,0.55712545,0.44287458,train
572,13,0,0,0.55713004,0.44287002,val
573,31,1,0,0.5561321,0.44386792,train
573,43,0,0,0.55531305,0.44468692,train
574,41,1,0,0.5617173,0.43828273,train
574,37,0,0,0.5619406,0.43805936,train
574,8,1,0,0.5617043,0.43829572,val
574,26,0,0,0.5601529,0.4398471,train
575,24,0,0,0.55672884,0.4432711,train
575,21,0,0,0.5583245,0.44167545,test
575,27,0,0,0.557963,0.44203702,val
576,12,0,0,0.5575651,0.44243488,train
576,27,0,0,0.5576891,0.44231096,val
576,10,0,0,0.557886,0.44211406,train
577,49,0,0,0.5588207,0.44117928,train
577,8,0,0,0.55956227,0.4404378,val
578,25,0,0,0.55985296,0.4401471,test
578,24,1,0,0.55917794,0.44082212,train
578,19,0,0,0.5605487,0.43945128,train
579,16,0,0,0.5588813,0.44111872,train
579,0,1,0,0.5592062,0.4407939,val
580,3,0,0,0.5569809,0.44301906,train
580,47,0,0,0.5563516,0.44364843,train
581,32,0,0,0.55585575,0.44414428,test
581,3,0,0,0.55748355,0.44251648,train
581,16,1,0,0.55623686,0.44376317,train
582,26,0,0,0.5547968,0.44520313,train
582,0,1,0,0.5565979,0.44340205,train
582,40,0,0,0.5565079,0.44349217,val
583,32,0,0,0.5584297,0.44157037,train
583,5,0,0,0.55928254,0.44071755,train
583,38,0,0,0.5586064,0.44139358,train
584,11,0,0,0.55751985,0.44248018,train
584,11,1,0,0.55751985,0.44248018,train
585,47,1,0,0.5573467,0.4426533,val
585,13,1,0,0.5568333,0.44316673,train
585,1,0,0,0.5572606,0.44273952,train
586,42,1,0,0.55967677,0.44032326,test
586,2,1,0,0.5597262,0.44027388,train
587,30,0,0,0.5584927,0.4415072,train
587,34,0,0,0.5576262,0.44237378,train
587,14,0,0,0.55770135,0.44229868,train
587,15,1,0,0.5579922,0.44200775,train
588,34,0,0,0.55750084,0.44249916,train
588,6,0,0,0.5579209,0.4420792,train
588,38,0,0,0.5570847,0.4429153,val
589,36,0,0,0.5594322,0.44056776,train
589,18,0,0,0.55857515,0.44142488,train
589,29,0,0,0.5591719,0.44082803,test
590,32,0,0,0.55971426,0.44028574,train
590,16,1,0,0.5599643,0.4400357,train
590,23,1,0,0.5602416,0.43975842,train
591,12,1,0,0.5564544,0.44354555,train
591,18,1,0,0.5558108,0.44418922,train
592,29,0,0,0.55752504,0.4424749,test
592,12,0,0,0.55777854,0.44222143,train
592,20,0,0,0.55913055,0.44086948,train
592,46,1,0,0.5574387,0.44256133,train
593,28,0,0,0.5556035,0.44439656,test
593,18,1,0,0.55499667,0.44500336,val
593,16,1,0,0.55583984,0.44416013,train
594,4,0,0,0.5582957,0.4417042,train
594,49,1,0,0.55689305,0.44310692,train
594,33,0,0,0.5564272,0.44357288,test
595,4,0,0,0.5592796,0.44072035,train
595,19,0,0,0.5592469,0.4407532,val
595,44,0,0,0.5585868,0.44141322,train
596,22,0,0,0.5572946,0.4427054,train
596,28,0,0,0.5572624,0.44273758,train
597,34,0,0,0.5577335,0.4422665,test
597,9,0,0,0.55845416,0.4415458,train
597,33,0,0,0.55654144,0.4434585,val
597,5,0,0,0.5581634,0.44183657,val
598,0,0,0,0.5578757,0.44212437,train
598,26,1,0,0.55577755,0.44422245,train
598,37,0,0,0.55805796,0.4419421,train
599,15,0,0,0.55627286,0.4437271,val
599,43,1,0,0.55639577,0.4436042,train
599,44,1,0,0.5557619,0.44423813,train
600,27,1,0,0.5552271,0.4447729,train
600,12,0,0,0.5547862,0.44521385,train
601,18,0,0,0.5564704,0.4435296,train
601,10,1,0,0.5577644,0.44223556,train
602,13,1,0,0.56160975,0.43839025,val
602,39,1,0,0.5619599,0.43804005,train
602,39,0,0,0.5619599,0.43804005,train
602,20,0,0,0.56261307,0.437387,test
603,31,0,0,0.558243,0.44175696,train
603,45,1,0,0.557003,0.44299695,train
603,29,1,0,0.557234,0.44276607,test
604,13,1,0,0.55835074,0.44164926,train
604,20,1,0,0.55937606,0.44062397,train
604,30,0,0,0.558603,0.44139695,test
605,38,1,0,0.5554793,0.44452068,train
605,43,1,0,0.55582196,0.44417804,train
606,41,0,0,0.55660635,0.4433936,test
606,48,0,0,0.5557447,0.4442553,train
606,6,0,0,0.55701816,0.44298187,train
607,5,0,0,0.55772316,0.44227678,train
607,10,1,0,0.55770713,0.44229287,train
607,30,0,0,0.5579097,0.44209027,train
608,15,0,0,0.557837,0.442163,train
608,48,0,0,0.5576918,0.44230825,train
608,8,0,0,0.5582805,0.4417195,train
609,8,0,0,0.5569094,0.44309062,test
609,6,0,0,0.557125,0.44287506,val
609,28,1,0,0.5564278,0.4435722,test
610,2,0,0,0.55979294,0.4402071,val
610,30,1,0,0.55992186,0.4400782,train
610,5,1,0,0.5599072,0.44009283,train
611,8,0,0,0.56178737,0.4382127,train
611,49,0,0,0.56087613,0.43912384,test
611,38,0,0,0.5612744,0.4387256,train
612,38,0,0,0.557358,0.44264206,train
612,30,0,0,0.5583902,0.4416098,val
612,14,1,0,0.5576409,0.4423591,train
612,9,0,0,0.55822706,0.4417729,train
613,32,0,0,0.5587533,0.4412467,train
613,27,0,0,0.55951166,0.4404883,train
614,14,0,0,0.55892193,0.44107804,train
614,36,0,0,0.5589415,0.44105855,train
614,13,0,0,0.55923283,0.44076714,train
615,35,0,0,0.5565526,0.4434474,train
615,14,0,0,0.55681753,0.44318238,train
615,32,0,0,0.5566422,0.44335777,val
616,47,0,0,0.5568464,0.44315356,train
616,42,0,0,0.5563296,0.44367036,train
616,25,0,0,0.5557932,0.44420683,test
617,17,0,0,0.5598684,0.44013157,val
617,13,1,0,0.55968523,0.44031483,train
617,32,1,0,0.55871797,0.441282,train
618,48,1,0,0.5578665,0.4421335,val
618,47,1,0,0.559388,0.440612,train
618,18,1,0,0.55769897,0.44230106,train
618,34,0,0,0.55843186,0.44156814,train
619,14,1,0,0.555713,0.44428703,train
619,40,0,0,0.55595714,0.44404283,test
619,27,0,0,0.556063,0.44393706,train
620,37,0,0,0.5570186,0.44298142,train
620,4,0,0,0.5566192,0.44338074,test
620,3,0,0,0.5579088,0.44209123,train
621,24,0,0,0.55432457,0.44567546,train
621,45,1,0,0.5549386,0.4450614,train
621,32,0,0,0.5548526,0.44514737,train
622,36,0,0,0.5564399,0.4435601,train
622,36,0,0,0.5564399,0.4435601,train
623,42,0,0,0.55708593,0.4429141,val
623,43,0,0,0.55697834,0.44302166,train
624,42,0,0,0.5573991,0.4426009,test
624,37,0,0,0.5576662,0.44233385,train
624,36,0,0,0.55728596,0.44271407,train
625,44,0,0,0.558982,0.44101807,test
625,0,1,0,0.5597331,0.4402669,val
626,43,0,0,0.5617228,0.43827713,val
626,42,0,0,0.56176174,0.4382383,train
626,9,0,0,0.5619929,0.43800706,train
627,13,0,0,0.55721056,0.4427894,train
627,38,1,0,0.5569044,0.4430956,train
627,46,0,0,0.55740494,0.44259498,train
628,47,1,0,0.55759364,0.4424064,test
628,32,0,0,0.5568421,0.44315788,train
628,10,0,0,0.55737484,0.44262522,train
629,2,0,0,0.56049186,0.4395081,train
629,0,0,0,0.56049514,0.43950486,train
629,31,0,0,0.5611801,0.43881992,test
630,3,0,0,0.5575676,0.4424324,train
630,15,0,0,0.55666375,0.4433362,train
630,38,0,0,0.556348,0.443652,train
631,40,0,0,0.5562345,0.44376555,val
631,37,1,0,0.55629456,0.44370544,val
632,12,0,0,0.5558552,0.44414473,train
632,25,0,0,0.55535364,0.44464633,val
632,0,0,0,0.5560822,0.44391775,train
633,21,0,0,0.5582951,0.441705,train
633,31,0,0,0.5583402,0.4416598,train
633,33,1,0,0.5561257,0.44387427,train
634,0,0,0,0.55684394,0.44315606,train
634,43,1,0,0.5563605,0.44363952,val
634,22,0,0,0.55646193,0.44353804,train
635,49,1,0,0.5585554,0.4414446,train
635,40,1,0,0.55935776,0.44064224,train
635,45,0,0,0.55892044,0.44107956,train
636,31,1,0,0.5573336,0.44266647,train
636,12,0,0,0.55609816,0.4439019,train
636,30,0,0,0.55655235,0.44344765,train
637,18,0,0,0.5547634,0.44523665,train
637,12,0,0,0.55516195,0.44483802,train
638,34,0,0,0.5580079,0.4419921,train
638,32,0,0,0.55756336,0.4424366,train
638,20,0,0,0.55931056,0.44068947,train
639,47,0,0,0.55695784,0.44304213,train
639,44,0,0,0.5559523,0.4440477,train
640,3,0,0,0.56133896,0.43866107,train
640,35,1,0,0.55984175,0.44015834,train
640,33,0,0,0.55938345,0.44061658,train
640,26,0,0,0.5590569,0.44094315,train
641,1,1,0,0.5570506,0.4429494,train
641,42,0,0,0.5568637,0.44313627,test
641,21,0,0,0.55751926,0.44248077,train
642,31,1,0,0.56141305,0.43858698,train
642,42,1,0,0.5607248,0.43927518,train
642,6,0,0,0.5610757,0.43892425,test
643,20,1,0,0.5642368,0.43576324,train
643,34,0,0,0.5628858,0.43711418,val
643,48,1,0,0.5624754,0.4375246,train
644,41,0,0,0.5579768,0.44202328,train
644,39,0,0,0.557701,0.442299,train
645,10,0,0,0.55677545,0.44322455,train
645,9,1,0,0.55695343,0.4430465,train
645,39,0,0,0.5570339,0.4429661,train
646,38,0,0,0.5571462,0.44285375,val
646,33,0,0,0.5560031,0.44399688,train
647,47,0,0,0.5581777,0.4418223,train
647,2,0,0,0.55796325,0.44203675,train
648,7,1,0,0.5581772,0.44182286,val
648,49,1,0,0.5565986,0.44340137,train
648,35,1,0,0.5570412,0.44295877,train
649,41,0,0,0.55782056,0.4421795,train
649,33,0,0,0.55601037,0.44398963,train
649,36,0,0,0.55740005,0.44259992,train
650,15,1,0,0.55694145,0.4430585,train
650,13,0,0,0.55713433,0.4428657,train
650,44,0,0,0.55681056,0.4431894,train
651,26,0,0,0.5545671,0.44543296,val
651,28,0,0,0.55623513,0.44376478,train
651,21,1,0,0.5571928,0.44280723,train
652,45,0,0,0.5588143,0.44118577,test
652,2,0,0,0.5592093,0.44079068,train
652,38,0,0,0.5586596,0.44134042,test
653,19,0,0,0.5572995,0.44270048,train
653,22,0,0,0.55693084,0.44306922,test
653,8,0,0,0.5572131,0.44278687,train
654,26,0,0,0.5532102,0.44678977,test
654,15,0,0,0.5546878,0.44531223,test
655,8,1,0,0.55671567,0.44328433,test
655,36,1,0,0.55634,0.44366002,val
655,14,1,0,0.5563079,0.44369203,train
656,35,1,0,0.5585276,0.4414724,test
656,12,0,0,0.55909663,0.4409034,val
656,46,0,0,0.5591106,0.4408894,train
657,41,1,0,0.55686975,0.4431303,val
657,42,1,0,0.55680496,0.44319504,val
657,42,0,0,0.55680496,0.44319504,train
658,39,0,0,0.5605391,0.43946087,train
658,6,1,0,0.56074655,0.43925345,val
658,33,0,0,0.55856824,0.44143176,test
659,28,0,0,0.55721414,0.4427859,train
659,26,1,0,0.5557012,0.4442988,train
659,8,0,0,0.55763763,0.4423624,train
659,0,1,0,0.55755466,0.4424454,train
660,31,0,0,0.558012,0.44198802,train
660,29,0,0,0.5570824,0.44291764,train
660,27,0,0,0.55729496,0.44270507,val
660,27,0,0,0.55729496,0.44270507,train
661,37,0,0,0.5584278,0.44157222,train
661,16,1,0,0.55794674,0.4420533,val
661,48,1,0,0.5577464,0.4422536,test
662,23,0,0,0.55712813,0.44287184,train
662,7,0,0,0.5574766,0.4425234,train
662,30,0,0,0.5574112,0.44258875,train
663,40,0,0,0.55726725,0.44273275,val
663,47,1,0,0.55763197,0.4423681,train
663,21,0,0,0.5577414,0.4422586,train
664,17,1,0,0.55757755,0.44242245,train
664,2,0,0,0.55782825,0.44217175,test
664,22,1,0,0.5575968,0.44240326,train
665,41,0,0,0.5590843,0.44091576,train
665,18,1,0,0.55791175,0.44208822,test
665,21,0,0,0.55939645,0.44060352,train
666,0,1,0,0.5572435,0.44275644,train
666,6,1,0,0.55762047,0.4423795,train
666,13,0,0,0.5571129,0.4428871,train
667,14,0,0,0.5590136,0.4409864,train
667,47,1,0,0.5597444,0.44025558,val
667,13,0,0,0.5591792,0.44082084,train
667,37,1,0,0.5596172,0.4403828,train
668,3,0,0,0.5601513,0.43984872,val
668,39,1,0,0.5591372,0.44086283,train
668,23,0,0,0.5589991,0.44100088,val
669,2,0,0,0.5571374,0.4428626,val
669,22,0,0,0.55705434,0.4429457,test
669,7,1,0,0.55749536,0.44250464,train
670,42,0,0,0.55704546,0.44295454,val
670,30,0,0,0.557225,0.44277504,train
670,30,0,0,0.557225,0.44277504,train
671,11,0,0,0.5582906,0.4417094,train
671,23,0,0,0.5583016,0.4416984,train
671,28,1,0,0.55805767,0.4419423,test
671,2,1,0,0.55833745,0.4416625,test
672,44,0,0,0.559419,0.440581,train
672,48,1,0,0.55946755,0.44053245,train
672,4,0,0,0.55975384,0.4402461,train
673,33,0,0,0.55569637,0.44430357,train
673,38,0,0,0.55656934,0.44343066,test
673,25,1,0,0.5564525,0.44354752,train
674,23,0,0,0.55882984,0.44117016,val
674,20,0,0,0.5602207,0.43977925,test
674,21,0,0,0.5594808,0.44051912,test
675,29,0,0,0.5599469,0.44005308,train
675,9,0,0,0.56031615,0.43968385,test
675,28,0,0,0.55979294,0.4402071,train
675,12,0,0,0.5598824,0.4401176,test
676,13,0,0,0.556952,0.44304797,val
676,4,0,0,0.5571759,0.4428241,val
677,23,1,0,0.55751157,0.4424884,val
677,33,0,0,0.55554676,0.4444532,train
677,4,1,0,0.557078,0.44292194,train
677,16,0,0,0.5571609,0.4428391,train
678,18,1,0,0.55869025,0.4413097,train
678,48,1,0,0.55906373,0.4409363,train
678,14,0,0,0.55928534,0.44071472,train
679,29,0,0,0.55904335,0.4409566,train
679,3,0,0,0.56010085,0.43989912,train
679,14,1,0,0.55897754,0.44102255,train
680,22,0,0,0.55731714,0.44268286,train
680,34,0,0,0.55755377,0.4424462,train
680,1,0,0,0.5577365,0.44226342,train
681,14,1,0,0.5574639,0.44253612,val
681,30,1,0,0.5575692,0.4424308,train
681,49,1,0,0.5568926,0.44310737,test
682,7,1,0,0.55736524,0.44263476,train
682,22,0,0,0.55687183,0.44312823,test
683,1,0,0,0.55912155,0.44087845,train
683,20,0,0,0.5602423,0.43975765,train
683,44,0,0,0.5581165,0.44188356,train
683,14,1,0,0.55847496,0.441525,val
684,8,0,0,0.556782,0.44321796,val
684,27,1,0,0.5564801,0.44351986,train
684,42,0,0,0.5565971,0.4434028,train
685,36,0,0,0.55744034,0.44255966,train
685,38,0,0,0.557136,0.44286397,train
685,17,0,0,0.5574947,0.44250533,val
686,47,1,0,0.5558371,0.44416296,train
686,42,1,0,0.55545145,0.44454855,train
687,15,0,0,0.556818,0.44318196,train
687,15,0,0,0.556818,0.44318196,train
687,44,0,0,0.5566008,0.44339922,train
688,15,1,0,0.55849767,0.44150236,test
688,1,0,0,0.5590565,0.44094357,test
688,48,0,0,0.55813885,0.44186115,test
689,31,0,0,0.5583022,0.44169772,test
689,2,1,0,0.5575261,0.44247383,test
689,10,1,0,0.55781406,0.4421859,train
690,28,0,0,0.557426,0.44257405,train
690,45,1,0,0.5567659,0.44323412,val
690,25,0,0,0.5571527,0.44284737,train
691,1,1,0,0.5573983,0.4426017,val
691,49,1,0,0.5556919,0.4443081,train
691,33,0,0,0.555374,0.44462594,test
692,38,0,0,0.56035864,0.43964133,train
692,35,0,0,0.5602328,0.4397672,test
692,37,1,0,0.56111246,0.43888757,train
692,15,1,0,0.56064695,0.43935305,train
693,44,1,0,0.5559219,0.44407812,train
693,17,1,0,0.55654514,0.4434549,test
693,32,0,0,0.5559524,0.4440476,train
694,29,1,0,0.5590111,0.44098884,train
694,26,1,0,0.5583383,0.44166172,val
694,5,0,0,0.5591528,0.44084725,train
694,13,0,0,0.55940527,0.4405947,train
695,24,0,0,0.55519843,0.44480157,train
695,19,0,0,0.5563646,0.4436354,test
696,25,0,0,0.55692333,0.44307667,val
696,26,1,0,0.556206,0.443794,train
696,49,1,0,0.5567716,0.44322848,test
697,0,0,0,0.5575486,0.4424514,train
697,35,0,0,0.5568067,0.44319338,train
697,40,1,0,0.5574697,0.44253027,train
698,37,1,0,0.56117046,0.43882957,val
698,48,0,0,0.5602429,0.43975705,train
698,35,0,0,0.5601589,0.43984106,train
699,39,1,0,0.55976814,0.44023183,train
699,21,0,0,0.5600444,0.43995556,train
699,11,1,0,0.559495,0.440505,train
699,12,1,0,0.5594456,0.44055438,train
700,45,0,0,0.55453825,0.44546172,train
700,38,0,0,0.55461884,0.4453811,test
701,32,0,0,0.555598,0.444402,train
701,25,1,0,0.5556557,0.44434425,test
702,23,0,0,0.5577954,0.44220462,train
702,30,0,0,0.55801934,0.44198057,train
702,41,0,0,0.5577234,0.44227657,val
702,29,0,0,0.55745643,0.44254354,train
703,32,0,0,0.55671626,0.44328374,train
703,29,1,0,0.5569085,0.44309145,train
703,27,0,0,0.55722094,0.44277906,train
704,1,0,0,0.5593418,0.4406582,train
704,9,1,0,0.55948526,0.44051474,train
704,18,0,0,0.55856293,0.4414371,train
705,39,0,0,0.55770296,0.44229707,train
705,3,0,0,0.5584843,0.44151565,train
705,49,1,0,0.5562567,0.44374332,train
706,41,0,0,0.5575958,0.44240427,test
706,7,0,0,0.55780125,0.44219872,train
706,1,1,0,0.5577054,0.44229457,test
706,25,1,0,0.55698305,0.44301698,test
707,36,1,0,0.55550313,0.44449693,train
707,15,0,0,0.5554161,0.44458392,train
708,20,1,0,0.55739486,0.44260517,test
708,10,0,0,0.55638325,0.44361675,train
709,28,0,0,0.55739117,0.4426088,train
709,36,0,0,0.5575284,0.44247165,train
709,38,0,0,0.55777746,0.44222254,train
710,39,1,0,0.55988127,0.4401188,train
710,26,0,0,0.55852896,0.44147107,train
710,40,1,0,0.55922794,0.440772,train
710,17,0,0,0.5593768,0.44062322,test
711,47,0,0,0.55729586,0.44270417,test
711,19,0,0,0.55711854,0.44288146,train
711,35,1,0,0.55640155,0.44359845,train
712,4,0,0,0.55709475,0.44290525,train
712,18,1,0,0.55628455,0.44371545,val
712,18,1,0,0.55628455,0.44371545,train
713,19,0,0,0.5582609,0.44173908,val
713,26,0,0,0.5563311,0.44366887,train
713,4,0,0,0.55847275,0.4415272,val
714,24,1,0,0.5566802,0.44331986,val
714,31,1,0,0.5592171,0.44078285,train
714,44,0,0,0.55734116,0.44265884,test
714,21,0,0,0.55864793,0.44135207,train
715,17,0,0,0.5578416,0.44215837,train
715,30,0,0,0.55835885,0.44164115,train
715,6,0,0,0.55851865,0.44148135,train
715,5,0,0,0.55793417,0.44206586,train
716,49,0,0,0.55625945,0.44374055,train
716,22,0,0,0.5571198,0.44288027,train
716,37,0,0,0.5572915,0.44270843,train
716,24,0,0,0.55584216,0.44415778,train
717,15,0,0,0.556671,0.44332895,val
717,6,1,0,0.55714405,0.44285592,train
718,4,0,0,0.55926806,0.440732,test
718,18,0,0,0.5582894,0.44171056,test
719,21,0,0,0.5580773,0.44192272,val
719,24,0,0,0.55639446,0.44360554,train
719,4,0,0,0.5575036,0.44249642,val
720,37,0,0,0.5587427,0.44125733,train
720,21,1,0,0.558958,0.44104204,train
720,10,0,0,0.55853003,0.44147,train
720,40,1,0,0.55832964,0.44167033,test
721,41,0,0,0.5563836,0.44361642,train
721,45,1,0,0.5556107,0.44438928,test
721,2,0,0,0.55618066,0.44381934,test
722,27,1,0,0.55757517,0.44242483,train
722,24,0,0,0.55645955,0.44354045,train
722,38,0,0,0.55714834,0.44285166,train
723,7,0,0,0.55927247,0.44072756,train
723,21,1,0,0.5595047,0.4404953,train
723,18,0,0,0.55802983,0.44197014,train
724,12,0,0,0.5546113,0.4453887,train
724,49,0,0,0.5538453,0.44615477,train
725,37,1,0,0.55765325,0.44234675,val
725,37,0,0,0.55765325,0.44234675,train
725,38,0,0,0.55692667,0.44307333,train
726,31,1,0,0.55910903,0.44089097,train
726,23,1,0,0.55839705,0.44160298,train
726,45,0,0,0.5575782,0.4424218,test
727,32,1,0,0.55575997,0.44424006,test
727,4,0,0,0.55627006,0.44372997,train
727,16,0,0,0.5561031,0.4438969,val
728,21,1,0,0.56087,0.43913007,val
728,0,0,0,0.56039387,0.43960616,train
728,9,0,0,0.5605414,0.43945867,train
729,44,0,0,0.5566389,0.44336107,train
729,5,0,0,0.5574323,0.44256774,train
729,1,0,0,0.5576064,0.4423937,test
730,11,0,0,0.557191,0.44280902,train
730,2,1,0,0.5571536,0.44284642,train
730,4,1,0,0.556919,0.44308105,val
731,46,0,0,0.5589872,0.44101277,val
731,30,0,0,0.5593329,0.44066706,train
731,39,0,0,0.5591415,0.44085842,train
732,34,0,0,0.55743545,0.44256455,train
732,46,0,0,0.5574338,0.4425662,train
732,33,1,0,0.55600566,0.44399434,test
733,4,1,0,0.5591426,0.4408574,train
733,3,1,0,0.5601879,0.4398121,train
733,27,0,0,0.55910844,0.4408916,val
734,44,0,0,0.5557988,0.4442012,val
734,8,0,0,0.556547,0.44345304,val
734,35,0,0,0.5557283,0.44427165,train
735,14,1,0,0.5561343,0.44386575,train
735,30,1,0,0.5567793,0.4432207,test
736,8,0,0,0.5593915,0.4406085,train
736,0,0,0,0.55940205,0.44059795,train
737,1,0,0,0.5564499,0.44355008,test
737,0,0,0,0.5563713,0.44362876,test
737,25,1,0,0.5558145,0.4441855,val
738,46,0,0,0.56130815,0.43869182,test
738,42,0,0,0.56145275,0.43854728,train
738,4,0,0,0.56147355,0.43852648,train
739,3,1,0,0.55812716,0.44187284,train
739,38,0,0,0.55709594,0.44290406,train
739,35,0,0,0.55674577,0.44325417,val
739,7,1,0,0.55757946,0.44242057,train
740,45,0,0,0.5560691,0.44393098,train
740,42,0,0,0.556646,0.443354,train
740,40,1,0,0.55671114,0.44328883,val
741,3,1,0,0.5584551,0.44154486,train
741,19,0,0,0.5574151,0.44258493,train
741,23,0,0,0.55728596,0.442714,train
742,8,1,0,0.5600762,0.43992385,train
742,19,1,0,0.55992836,0.4400716,test
742,31,0,0,0.5604772,0.43952286,train
743,15,0,0,0.5578032,0.44219676,train
743,49,0,0,0.55692875,0.44307128,train
743,3,0,0,0.5592791,0.44072095,train
744,49,0,0,0.5565084,0.4434915,train
744,39,1,0,0.5579018,0.44209817,train
744,49,0,0,0.5565084,0.4434915,train
745,5,0,0,0.5554019,0.44459814,train
745,4,0,0,0.5552102,0.44478983,train
746,15,0,0,0.5580621,0.4419379,train
746,36,0,0,0.558127,0.44187307,train
747,34,0,0,0.55901694,0.4409831,train
747,35,0,0,0.55854744,0.4414526,train
747,22,1,0,0.55903286,0.44096717,train
748,5,0,0,0.55862385,0.44137615,train
748,35,0,0,0.5577968,0.44220322,train
748,26,0,0,0.5563835,0.44361654,train
748,49,0,0,0.55746853,0.44253153,train
749,39,0,0,0.5558438,0.44415623,train
749,32,1,0,0.55511194,0.44488806,val
750,35,0,0,0.5546524,0.44534764,val
750,0,1,0,0.5556161,0.44438395,train
751,16,0,0,0.5582296,0.44177032,train
751,37,0,0,0.55863166,0.44136834,train
751,44,0,0,0.5577909,0.44220912,train
752,36,1,0,0.55893123,0.4410687,test
752,33,0,0,0.5584133,0.44158664,train
752,34,0,0,0.55922776,0.4407722,train
753,40,0,0,0.56273437,0.4372656,train
753,37,0,0,0.56317014,0.43682992,train
753,0,1,0,0.56303537,0.4369646,test
753,31,0,0,0.5634615,0.4365385,train
754,18,1,0,0.5588047,0.44119528,train
754,33,1,0,0.5586381,0.44136187,train
754,41,1,0,0.5593837,0.44061634,val
755,44,1,0,0.55674344,0.4432566,train
755,36,0,0,0.55698574,0.44301432,test
755,28,0,0,0.55689126,0.44310874,train
755,14,1,0,0.5569672,0.44303283,val
756,13,1,0,0.556663,0.443337,test
756,21,1,0,0.55748373,0.44251624,train
756,6,0,0,0.55752957,0.44247046,train
757,16,0,0,0.5561433,0.4438567,val
757,14,0,0,0.555994,0.444006,train
757,46,1,0,0.5563681,0.44363186,train
758,24,0,0,0.5610314,0.43896857,train
758,15,1,0,0.5620149,0.43798512,train
758,45,0,0,0.5614474,0.43855262,train
759,27,1,0,0.5586146,0.44138548,test
759,40,1,0,0.5585466,0.44145337,train
759,13,0,0,0.55829245,0.4417075,val
760,31,0,0,0.5577267,0.44227332,train
760,37,0,0,0.5569863,0.44301373,val
760,10,1,0,0.5568336,0.44316646,train
761,8,0,0,0.5584641,0.44153592,train
761,7,1,0,0.5583412,0.44165874,val
762,28,1,0,0.55648726,0.44351274,train
762,11,0,0,0.55672884,0.44327107,train
762,6,1,0,0.55703956,0.44296047,train
763,32,0,0,0.55841535,0.44158468,train
763,18,0,0,0.5580891,0.44191095,train
763,18,0,0,0.5580891,0.44191095,train
764,18,0,0,0.559025,0.44097504,test
764,42,0,0,0.55970937,0.44029072,train
764,44,0,0,0.5591066,0.44089344,train
764,36,0,0,0.55920774,0.44079226,train
765,24,0,0,0.5584087,0.4415913,val
765,44,0,0,0.55919445,0.4408055,train
765,13,0,0,0.5597812,0.44021878,val
766,33,0,0,0.55567276,0.4443273,train
766,5,0,0,0.5575451,0.4424548,train
766,41,1,0,0.55757535,0.4424247,train
767,4,0,0,0.5555744,0.44442555,train
767,49,1,0,0.5543101,0.44568998,train
768,1,0,0,0.5567995,0.44320056,test
768,19,0,0,0.55631447,0.44368553,train
768,29,0,0,0.55588365,0.44411632,test
769,23,0,0,0.55892193,0.4410781,test
769,20,0,0,0.56012297,0.43987703,train
769,40,0,0,0.55891633,0.44108367,train
770,45,0,0,0.557411,0.44258898,train
770,6,0,0,0.55804956,0.44195047,train
770,11,0,0,0.5578016,0.4421984,val
770,15,0,0,0.5576446,0.4423553,train
771,31,0,0,0.5593288,0.4406712,train
771,10,0,0,0.5583971,0.44160286,train
771,28,0,0,0.5579641,0.44203588,train
771,8,0,0,0.5584953,0.44150475,train
772,35,0,0,0.5550455,0.44495448,train
772,5,0,0,0.5562322,0.44376785,train
773,1,0,0,0.5585213,0.44147873,train
773,37,0,0,0.558646,0.44135398,train
773,13,1,0,0.55812925,0.44187078,train
773,46,1,0,0.55803895,0.44196102,train
774,19,1,0,0.5554812,0.44451883,train
774,16,0,0,0.5550369,0.4449631,train
775,35,1,0,0.5565578,0.44344223,train
775,33,0,0,0.55567276,0.4443273,test
775,12,0,0,0.5570764,0.44292364,train
776,43,0,0,0.5561256,0.44387445,train
776,23,0,0,0.5563846,0.44361532,train
776,38,0,0,0.55579454,0.4442055,train
777,49,1,0,0.55792314,0.4420769,val
777,32,0,0,0.558165,0.44183496,train
778,42,0,0,0.55815566,0.44184443,train
778,28,1,0,0.5580674,0.44193265,train
778,49,0,0,0.5570994,0.44290063,train
779,20,0,0,0.55704564,0.4429544,train
779,20,0,0,0.55704564,0.4429544,train
780,29,0,0,0.5548085,0.44519147,train
780,16,0,0,0.55496866,0.4450313,train
781,1,0,0,0.5621288,0.43787122,train
781,3,0,0,0.5630074,0.43699256,train
781,38,1,0,0.56157935,0.4384207,train
782,3,0,0,0.55750173,0.44249827,train
782,28,1,0,0.5559568,0.4440432,test
782,19,1,0,0.5564532,0.44354677,train
783,5,1,0,0.559246,0.44075397,train
783,4,1,0,0.5590649,0.44093513,train
783,44,0,0,0.558513,0.44148704,train
783,21,1,0,0.5597594,0.44024056,test
784,40,0,0,0.55663997,0.44336006,train
784,9,0,0,0.5568735,0.44312653,test
784,36,0,0,0.556465,0.44353494,test
785,23,1,0,0.5563224,0.4436776,train
785,15,0,0,0.555983,0.44401696,val
785,40,0,0,0.556316,0.44368398,val
786,25,1,0,0.5554753,0.4445247,train
786,1,0,0,0.5561888,0.4438112,train
786,5,0,0,0.55607176,0.4439283,val
787,39,0,0,0.55670136,0.44329858,train
787,22,1,0,0.5562823,0.4437177,train
788,14,0,0,0.5560856,0.4439144,val
788,33,0,0,0.55521756,0.4447825,train
789,34,0,0,0.5594776,0.4405224,test
789,39,0,0,0.5599111,0.4400889,train
789,47,0,0,0.56019646,0.4398036,train
790,18,0,0,0.5557277,0.4442723,test
790,31,0,0,0.5578258,0.44217426,train
790,15,1,0,0.5567319,0.44326815,test
791,41,1,0,0.55740315,0.44259685,train
791,27,1,0,0.5569664,0.44303364,train
791,24,0,0,0.55599105,0.44400892,train
792,2,1,0,0.5571789,0.44282106,train
792,40,0,0,0.55716103,0.4428389,train
792,38,0,0,0.55678976,0.44321024,test
793,29,0,0,0.55592704,0.44407293,test
793,1,0,0,0.55645406,0.4435459,train
793,32,0,0,0.5556712,0.44432876,train
794,37,0,0,0.55582356,0.44417644,train
794,12,0,0,0.5553416,0.44465834,val
795,22,0,0,0.55541766,0.4445824,train
795,43,1,0,0.55553794,0.4444621,test
796,20,0,0,0.5601106,0.4398893,train
796,17,0,0,0.55863625,0.4413638,train
796,46,0,0,0.5585128,0.44148716,val
796,35,0,0,0.55803823,0.44196177,train
797,17,0,0,0.5562949,0.44370505,train
797,30,0,0,0.55646527,0.4435347,train
797,12,1,0,0.5560546,0.4439454,test
798,49,0,0,0.56063294,0.4393671,train
798,39,0,0,0.56174827,0.4382517,val
798,1,0,0,0.5614374,0.43856266,train
798,9,0,0,0.56150377,0.43849626,val
799,43,0,0,0.5598594,0.4401406,test
799,47,0,0,0.56014967,0.4398503,train
800,34,0,0,0.55787116,0.44212887,train
800,18,0,0,0.5572353,0.4427647,train
800,48,1,0,0.5573753,0.4426247,train
800,25,0,0,0.5577936,0.44220638,train
801,29,1,0,0.5562258,0.44377416,train
801,40,1,0,0.55670005,0.44329998,train
801,38,0,0,0.5563098,0.4436902,train
802,46,0,0,0.5586558,0.44134426,val
802,35,1,0,0.55805075,0.4419492,test
803,38,1,0,0.5579087,0.44209132,test
803,38,0,0,0.5579087,0.44209132,train
803,8,0,0,0.55860263,0.4413974,train
803,10,1,0,0.5585596,0.44144037,val
804,0,1,0,0.55672306,0.44327694,test
804,47,0,0,0.55712134,0.4428787,train
804,42,0,0,0.5566834,0.44331655,train
805,21,1,0,0.5586973,0.4413028,train
805,44,0,0,0.557453,0.44254696,test
805,46,0,0,0.55810755,0.44189247,train
806,45,0,0,0.5563371,0.44366288,train
806,35,1,0,0.5562734,0.4437266,train
807,29,0,0,0.5556364,0.4443636,val
807,32,0,0,0.55530375,0.4446963,train
807,45,0,0,0.55539477,0.44460517,val
808,42,1,0,0.55832636,0.44167364,val
808,21,0,0,0.5588179,0.44118205,train
808,18,0,0,0.5571899,0.44281012,test
808,41,0,0,0.5583433,0.44165674,train
809,40,0,0,0.5584031,0.4415969,train
809,48,1,0,0.55772245,0.44227755,train
809,3,0,0,0.5593618,0.44063818,test
810,6,0,0,0.5586893,0.44131073,train
810,11,1,0,0.55828345,0.44171655,train
810,0,1,0,0.5583955,0.44160455,val
811,47,0,0,0.5562504,0.4437496,train
811,49,0,0,0.55478066,0.44521928,train
812,44,1,0,0.5603945,0.43960553,train
812,2,1,0,0.5605409,0.43945906,train
812,5,0,0,0.56124943,0.43875057,train
813,26,0,0,0.55546016,0.44453987,train
813,45,1,0,0.55671924,0.4432808,test
813,38,0,0,0.5570073,0.4429927,test
814,16,1,0,0.55726683,0.44273314,train
814,22,0,0,0.557203,0.442797,train
814,1,0,0,0.5577869,0.4422131,val
815,39,1,0,0.55781627,0.4421837,train
815,42,0,0,0.5573181,0.44268197,train
815,21,0,0,0.55788815,0.44211185,val
816,14,1,0,0.55904484,0.4409551,train
816,8,1,0,0.5592233,0.44077668,val
817,13,1,0,0.55700344,0.4429966,val
817,6,0,0,0.55771476,0.44228524,val
817,33,0,0,0.5557381,0.4442619,train
817,1,1,0,0.5573987,0.44260132,test
818,44,1,0,0.5565092,0.44349083,train
818,40,0,0,0.5571037,0.4428963,test
818,6,0,0,0.5575739,0.4424261,train
819,0,0,0,0.5564338,0.44356617,val
819,2,0,0,0.5564325,0.4435675,train
819,43,0,0,0.55632246,0.4436776,train
820,25,1,0,0.56024706,0.439753,train
820,36,0,0,0.56060106,0.4393989,train
820,9,0,0,0.56087965,0.43912038,test
821,36,0,0,0.5560681,0.44393185,train
821,26,1,0,0.55449766,0.44550237,train
821,10,0,0,0.5564824,0.4435176,train
822,18,0,0,0.5561525,0.4438474,val
822,22,0,0,0.55690855,0.44309145,train
822,11,0,0,0.55698544,0.44301453,train
823,18,1,0,0.5560062,0.44399378,train
823,12,1,0,0.5570754,0.44292465,train
823,46,0,0,0.5568002,0.4431998,train
823,48,0,0,0.5560852,0.44391477,train
824,22,1,0,0.55757004,0.44242996,train
824,48,1,0,0.5572564,0.4427436,train
824,4,0,0,0.5577612,0.44223875,train
825,38,0,0,0.5568742,0.44312575,train
825,16,0,0,0.55710566,0.44289434,val
825,1,1,0,0.55730385,0.44269612,train
825,22,0,0,0.5571714,0.44282863,test
826,10,1,0,0.5586659,0.44133413,val
826,8,0,0,0.55856603,0.44143394,train
826,6,1,0,0.55896235,0.44103774,train
827,32,0,0,0.55528075,0.44471925,train
827,7,1,0,0.5561252,0.4438748,train
828,17,0,0,0.55687463,0.4431254,train
828,40,0,0,0.5569592,0.4430408,train
828,32,0,0,0.556431,0.44356903,train
829,41,0,0,0.5582668,0.44173315,train
829,35,0,0,0.5574314,0.44256857,test
829,21,0,0,0.55858433,0.44141576,val
830,43,0,0,0.5581515,0.4418485,train
830,49,0,0,0.5579417,0.44205832,val
830,18,0,0,0.55784637,0.44215363,train
831,24,0,0,0.5565807,0.44341925,train
831,10,0,0,0.5576828,0.4423172,train
831,7,0,0,0.55778664,0.44221336,val
831,10,0,0,0.5576828,0.4423172,train
832,9,0,0,0.55851716,0.4414828,train
832,16,0,0,0.55833477,0.4416652,test
832,22,1,0,0.5583984,0.44160157,train
833,36,0,0,0.5575906,0.44240937,test
833,6,0,0,0.5582782,0.44172186,val
833,48,0,0,0.5567472,0.44325283,train
833,8,0,0,0.5579873,0.44201267,train
834,13,0,0,0.5596367,0.4403633,test
834,8,0,0,0.5599839,0.44001606,train
834,10,1,0,0.5598795,0.44012055,train
835,34,1,0,0.5579618,0.44203824,val
835,2,1,0,0.5582709,0.44172916,val
835,7,1,0,0.558395,0.44160494,train
836,0,0,0,0.5587698,0.44123018,train
836,29,0,0,0.5587102,0.44128972,train
836,10,0,0,0.5589104,0.44108954,train
837,9,0,0,0.5576056,0.44239444,train
837,28,1,0,0.5571413,0.4428587,train
837,47,0,0,0.5577196,0.4422804,train
838,31,0,0,0.55929613,0.44070387,train
838,2,0,0,0.5585579,0.44144207,test
838,23,1,0,0.5586205,0.44137943,test
838,33,0,0,0.556751,0.44324902,train
839,31,0,0,0.55902183,0.44097814,train
839,27,0,0,0.55836964,0.44163036,test
839,44,0,0,0.5575618,0.44243824,train
840,30,1,0,0.55975604,0.440244,train
840,39,1,0,0.559615,0.44038498,train
841,17,0,0,0.55966,0.44033998,val
841,38,0,0,0.5593338,0.44066617,val
841,46,0,0,0.55951416,0.44048578,train
842,27,1,0,0.55683917,0.4431608,train
842,29,1,0,0.55635566,0.44364437,train
842,10,0,0,0.5568002,0.44319978,train
843,35,0,0,0.5543566,0.44564342,train
843,38,0,0,0.55467016,0.4453299,train
844,20,0,0,0.5576209,0.44237906,val
844,39,1,0,0.55656147,0.44343856,train
845,12,0,0,0.5561786,0.44382134,val
845,37,1,0,0.55660385,0.44339615,train
845,35,1,0,0.55571026,0.44428974,train
846,4,0,0,0.5572763,0.44272363,test
846,10,0,0,0.5574592,0.44254085,val
846,48,0,0,0.5569638,0.44303617,train
847,29,0,0,0.5600161,0.4399839,train
847,8,0,0,0.56040835,0.43959165,val
847,24,1,0,0.5594518,0.44054818,train
848,1,0,0,0.55850595,0.44149405,val
848,36,1,0,0.55813634,0.44186363,val
848,34,0,0,0.558006,0.441994,test
849,9,1,0,0.55870247,0.44129756,train
849,6,1,0,0.55893373,0.44106627,test
850,11,1,0,0.55636156,0.44363838,val
850,4,0,0,0.5560993,0.44390067,train
850,40,0,0,0.5561094,0.4438906,test
851,36,1,0,0.5579192,0.44208074,train
851,49,0,0,0.5567428,0.4432572,train
851,10,1,0,0.5582571,0.44174293,train
852,33,0,0,0.55992734,0.44007266,test
852,4,0,0,0.5613256,0.43867436,train
852,18,0,0,0.5604908,0.43950924,train
853,33,0,0,0.5567328,0.4432672,train
853,14,0,0,0.55762935,0.44237068,test
853,17,0,0,0.55775934,0.4422407,train
854,0,1,0,0.55648184,0.44351807,train
854,31,0,0,0.55755126,0.44244874,train
854,6,0,0,0.5569601,0.44303986,train
855,39,1,0,0.5551816,0.4448184,train
855,29,0,0,0.5547186,0.44528136,train
856,7,1,0,0.55897474,0.4410252,test
856,16,0,0,0.55856484,0.44143516,train
857,43,1,0,0.5566862,0.44331384,train
857,10,0,0,0.557028,0.44297203,train
858,41,1,0,0.56174606,0.43825397,test
858,39,0,0,0.56230396,0.43769604,train
858,19,0,0,0.56179243,0.4382076,train
858,2,0,0,0.5617214,0.4382786,train
859,9,0,0,0.55827683,0.44172317,train
859,17,0,0,0.5578868,0.4421132,train
859,13,0,0,0.55780387,0.4421961,val
860,46,1,0,0.5610962,0.43890384,val
860,47,1,0,0.56143206,0.43856797,val
860,8,0,0,0.5613751,0.4386249,test
861,40,0,0,0.5569951,0.44300494,train
861,47,0,0,0.557275,0.44272503,train
861,27,1,0,0.55701315,0.44298682,train
862,17,0,0,0.5594027,0.44059736,train
862,26,0,0,0.5572959,0.4427041,train
862,34,0,0,0.559214,0.44078606,train
863,5,0,0,0.5605308,0.4394692,train
863,22,0,0,0.56053674,0.43946335,val
863,11,1,0,0.56057906,0.4394209,val
864,48,0,0,0.5581276,0.44187245,train
864,21,0,0,0.5593298,0.44067016,val
864,26,0,0,0.55677116,0.4432289,test
865,25,0,0,0.5553198,0.4446802,test
865,21,1,0,0.5564829,0.4435171,test
866,37,1,0,0.5592996,0.44070035,train
866,18,1,0,0.5580745,0.4419255,train
866,46,0,0,0.55871665,0.44128338,train
867,17,0,0,0.56096053,0.4390395,train
867,43,0,0,0.560919,0.439081,test
867,7,0,0,0.5612761,0.43872386,val
868,10,0,0,0.556414,0.44358593,train
868,11,1,0,0.55658484,0.44341522,test
868,22,0,0,0.556257,0.443743,train
869,14,0,0,0.5587213,0.44127867,train
869,27,0,0,0.55866104,0.44133902,train
869,26,1,0,0.5576247,0.44237536,train
870,31,0,0,0.5573782,0.44262192,train
870,0,0,0,0.55651873,0.44348124,test
870,9,0,0,0.5566436,0.4433564,test
871,31,0,0,0.5620541,0.43794587,train
871,24,0,0,0.5604914,0.4395086,val
871,15,0,0,0.5613455,0.43865448,train
872,45,1,0,0.55753934,0.44246057,test
872,11,0,0,0.5581659,0.4418341,train
872,42,0,0,0.5581979,0.4418021,train
873,37,0,0,0.55775684,0.4422432,val
873,13,0,0,0.5573184,0.44268155,val
873,49,0,0,0.5566463,0.44335368,train
873,40,0,0,0.55726343,0.44273657,train
874,42,0,0,0.55845714,0.44154286,val
874,30,1,0,0.55884606,0.44115394,train
874,8,0,0,0.5585986,0.4414014,train
875,41,1,0,0.55811274,0.44188726,train
875,31,0,0,0.55865663,0.4413433,val
875,31,0,0,0.55865663,0.4413433,train
876,4,0,0,0.55577534,0.44422466,val
876,24,0,0,0.5547011,0.44529888,train
876,2,0,0,0.5561159,0.4438841,val
877,2,0,0,0.56091654,0.43908352,train
877,31,1,0,0.56166124,0.43833873,train
877,49,1,0,0.5604353,0.43956476,val
877,47,0,0,0.5612122,0.43878782,train
878,17,0,0,0.5583029,0.44169712,train
878,31,0,0,0.559304,0.44069603,train
878,16,0,0,0.558263,0.44173706,train
879,23,0,0,0.55681956,0.44318047,val
879,35,1,0,0.5559833,0.44401672,test
879,16,0,0,0.55657774,0.44342223,val
880,29,0,0,0.5589413,0.44105864,train
880,36,0,0,0.55913454,0.4408655,train
880,11,0,0,0.5592038,0.4407963,train
881,11,0,0,0.5585047,0.44149527,train
881,34,0,0,0.5581764,0.44182354,train
881,32,0,0,0.55749184,0.4425081,test
882,48,0,0,0.55646414,0.44353586,train
882,43,1,0,0.55735093,0.44264907,train
882,2,0,0,0.55753744,0.44246253,train
882,25,0,0,0.55689174,0.44310826,train
883,26,0,0,0.55487216,0.4451279,test
883,16,0,0,0.5566552,0.44334474,train
884,26,1,0,0.55750936,0.44249058,val
884,23,0,0,0.55964947,0.4403505,test
885,44,0,0,0.55690557,0.4430944,train
885,25,0,0,0.55704087,0.44295907,train
885,33,1,0,0.55589974,0.44410023,val
885,39,0,0,0.55787945,0.4421205,test
886,0,0,0,0.55809337,0.4419066,train
886,10,0,0,0.558044,0.44195598,train
886,35,0,0,0.5572734,0.4427267,train
887,38,0,0,0.5562732,0.44372678,test
887,48,1,0,0.55631363,0.44368634,train
887,22,0,0,0.55660695,0.44339308,val
888,41,1,0,0.5579003,0.44209972,train
888,44,0,0,0.55710894,0.44289106,train
888,38,0,0,0.5572858,0.44271415,val
889,17,0,0,0.5577626,0.4422374,val
889,21,0,0,0.55853236,0.44146764,val
890,13,0,0,0.5570489,0.44295108,train
890,5,0,0,0.5573814,0.44261858,train
890,43,0,0,0.557068,0.442932,val
891,40,1,0,0.5583898,0.44161022,train
891,46,0,0,0.5581928,0.44180724,train
891,36,1,0,0.55823475,0.44176522,test
892,20,1,0,0.558106,0.44189397,train
892,0,0,0,0.55687135,0.4431286,val
892,6,0,0,0.55739206,0.4426079,train
893,44,1,0,0.55668914,0.4433109,train
893,21,0,0,0.55790967,0.44209036,train
893,27,0,0,0.5573971,0.44260284,test
894,24,0,0,0.5558117,0.44418827,test
894,20,0,0,0.55863,0.44137,train
894,12,0,0,0.55713606,0.4428639,train
894,35,1,0,0.5564807,0.44351935,train
895,17,1,0,0.5614867,0.4385133,train
895,18,0,0,0.5607126,0.43928745,train
896,20,0,0,0.55916023,0.4408398,train
896,25,1,0,0.5573958,0.44260418,train
896,39,1,0,0.55839956,0.44160047,train
896,2,0,0,0.5579531,0.44204688,train
897,28,1,0,0.55975646,0.4402435,train
897,16,0,0,0.5598122,0.44018784,val
897,27,0,0,0.5600117,0.43998832,train
898,9,0,0,0.5588875,0.4411125,train
898,3,0,0,0.5596601,0.44033998,train
898,11,0,0,0.558654,0.44134593,train
899,28,1,0,0.5568266,0.44317344,train
899,26,0,0,0.5551741,0.4448259,train
899,13,0,0,0.55694413,0.44305584,train
899,45,0,0,0.55660605,0.44339398,train
900,9,0,0,0.5572233,0.4427767,train
900,11,0,0,0.5568864,0.44311363,test
900,43,1,0,0.55673575,0.4432642,train
901,0,1,0,0.5587755,0.44122452,train
901,18,0,0,0.557765,0.44223502,train
901,5,1,0,0.5588838,0.4411162,train
902,25,0,0,0.55738205,0.4426179,test
902,13,1,0,0.5576658,0.44233423,train
902,47,1,0,0.558219,0.44178098,test
903,1,0,0,0.55679274,0.44320732,test
903,20,1,0,0.558095,0.44190505,train
903,36,0,0,0.5564365,0.4435635,val
904,37,0,0,0.55812794,0.44187203,train
904,47,0,0,0.5581642,0.44183576,train
904,24,0,0,0.5567139,0.44328615,val
905,8,0,0,0.5591166,0.4408834,val
905,46,0,0,0.5586479,0.44135222,train
905,48,0,0,0.5581468,0.44185326,test
905,24,0,0,0.5577061,0.4422939,train
906,45,0,0,0.55671173,0.4432882,test
906,20,0,0,0.5587577,0.44124228,test
906,8,0,0,0.5576437,0.44235632,train
907,24,0,0,0.5576206,0.44237944,train
907,3,1,0,0.55980694,0.44019306,val
907,11,0,0,0.5586476,0.44135243,train
908,48,0,0,0.557223,0.44277698,test
908,1,0,0,0.55821246,0.44178754,train
908,43,0,0,0.5578479,0.44215208,train
909,13,0,0,0.5577466,0.44225344,train
909,21,0,0,0.5583703,0.44162974,test
910,49,0,0,0.55909514,0.44090483,val
910,2,0,0,0.5600062,0.43999377,train
911,46,0,0,0.5608477,0.4391523,train
911,2,0,0,0.5608155,0.43918452,val
911,5,0,0,0.56112427,0.43887573,train
912,17,0,0,0.5598187,0.44018126,train
912,6,0,0,0.56031775,0.43968225,test
912,2,1,0,0.5600164,0.43998352,train
913,40,0,0,0.5560689,0.4439311,train
913,37,0,0,0.5564451,0.44355488,test
913,40,1,0,0.5560689,0.4439311,train
914,21,1,0,0.55801815,0.44198176,test
914,18,1,0,0.55630046,0.44369954,train
914,32,0,0,0.55695724,0.4430428,val
914,43,0,0,0.5573523,0.4426477,val
915,14,0,0,0.5576251,0.44237489,test
915,36,0,0,0.5575252,0.44247475,train
916,48,0,0,0.55641395,0.44358608,train
916,39,1,0,0.55729944,0.44270062,train
916,46,0,0,0.5568877,0.4431123,train
917,47,0,0,0.5582964,0.44170362,train
917,2,1,0,0.5580952,0.44190478,test
917,35,0,0,0.5573083,0.44269168,train
918,0,1,0,0.55790824,0.44209176,train
918,19,0,0,0.55786186,0.4421381,train
918,21,1,0,0.55839115,0.44160876,test
919,25,1,0,0.5569109,0.4430892,train
919,33,0,0,0.5557888,0.44421127,train
920,13,0,0,0.5617087,0.4382913,train
920,49,1,0,0.56076777,0.4392322,train
920,13,0,0,0.5617087,0.4382913,train
920,25,1,0,0.56121635,0.43878365,train
921,48,0,0,0.55792034,0.44207966,train
921,3,1,0,0.5593484,0.44065168,val
921,26,0,0,0.55747944,0.44252053,val
922,14,0,0,0.5575851,0.4424149,test
922,29,0,0,0.5576157,0.4423843,train
922,11,1,0,0.557906,0.44209406,test
922,14,0,0,0.5575851,0.4424149,train
923,18,0,0,0.556243,0.44375697,test
923,11,1,0,0.55709714,0.4429029,train
923,10,0,0,0.557293,0.44270703,train
924,24,0,0,0.5571782,0.4428218,train
924,33,1,0,0.5565012,0.44349876,train
924,15,0,0,0.5581568,0.44184318,train
924,39,0,0,0.5585631,0.4414369,train
925,36,1,0,0.5572077,0.44279233,train
925,5,0,0,0.5576165,0.44238353,train
925,37,0,0,0.5575812,0.44241878,train
926,36,0,0,0.5606306,0.4393694,train
926,17,0,0,0.5608687,0.43913126,train
926,7,0,0,0.56105596,0.43894407,train
926,26,0,0,0.55948365,0.44051638,train
927,18,1,0,0.5556455,0.44435453,train
927,41,0,0,0.5568893,0.4431107,train
928,1,0,0,0.5589245,0.4410755,test
928,30,1,0,0.55881697,0.44118306,train
928,39,0,0,0.5585953,0.44140467,test
929,12,0,0,0.5605649,0.43943506,train
929,37,0,0,0.5609684,0.4390316,train
929,13,1,0,0.56075025,0.43924975,train
929,6,0,0,0.56087,0.43912998,train
930,39,1,0,0.5574308,0.4425692,train
930,8,0,0,0.5573171,0.44268292,train
931,0,1,0,0.55923516,0.4407649,test
931,5,1,0,0.55939406,0.44060594,val
932,38,1,0,0.5566402,0.4433598,train
932,20,0,0,0.5583131,0.44168687,train
932,5,0,0,0.5573257,0.44267434,val
933,14,1,0,0.5570726,0.4429274,train
933,27,0,0,0.55750185,0.44249815,val
933,45,1,0,0.5567143,0.44328567,train
933,44,1,0,0.55685085,0.44314924,train
934,17,0,0,0.5593689,0.4406311,train
934,11,1,0,0.55969775,0.44030222,train
934,38,0,0,0.559051,0.44094902,train
935,42,1,0,0.5566491,0.44335088,train
935,21,0,0,0.55726653,0.4427334,train
935,36,0,0,0.556397,0.44360292,train
936,8,1,0,0.5571601,0.44283986,train
936,4,0,0,0.5572019,0.44279808,train
937,26,0,0,0.55629367,0.44370633,test
937,45,0,0,0.5578044,0.4421956,test
938,36,0,0,0.55695206,0.44304797,train
938,25,0,0,0.55661744,0.44338253,test
938,38,0,0,0.55687636,0.4431237,test
938,46,0,0,0.5568627,0.4431373,train
939,27,0,0,0.55777425,0.44222572,val
939,15,1,0,0.5578815,0.4421186,train
940,19,1,0,0.55627847,0.44372153,train
940,28,0,0,0.5557973,0.44420275,train
940,37,0,0,0.556361,0.44363895,test
941,1,0,0,0.5596638,0.44033623,train
941,27,0,0,0.559359,0.44064093,train
941,43,0,0,0.55935633,0.4406437,train
941,40,1,0,0.55925155,0.44074845,train
942,36,0,0,0.55614126,0.4438587,train
942,2,0,0,0.5564558,0.4435442,train
942,11,1,0,0.55648965,0.44351032,train
943,13,0,0,0.5569446,0.44305548,val
943,1,0,0,0.5574625,0.44253755,train
943,23,0,0,0.5570723,0.44292778,train
944,42,0,0,0.55739266,0.44260728,test
944,39,0,0,0.5576756,0.4423244,train
945,9,0,0,0.5590281,0.4409719,val
945,39,0,0,0.55938405,0.44061598,train
945,8,0,0,0.5590684,0.44093162,train
946,44,1,0,0.5589944,0.44100562,val
946,5,0,0,0.55969185,0.44030815,train
947,40,1,0,0.5583827,0.44161728,val
947,1,0,0,0.55854213,0.44145787,test
947,20,0,0,0.5595423,0.4404577,train
948,12,0,0,0.5583406,0.44165933,train
948,37,1,0,0.55864334,0.44135666,train
948,48,0,0,0.55783445,0.44216564,train
949,18,1,0,0.5566139,0.44338605,test
949,37,1,0,0.55792874,0.44207123,test
949,21,0,0,0.55821794,0.441782,train
950,9,1,0,0.5593971,0.44060296,train
950,49,0,0,0.5582823,0.44171765,train
950,41,0,0,0.5591403,0.44085965,test
951,45,1,0,0.5575087,0.44249132,train
951,39,0,0,0.5584279,0.44157213,train
952,23,1,0,0.5565995,0.44340056,train
952,20,0,0,0.5578891,0.44211093,train
952,28,0,0,0.55632603,0.44367394,train
953,19,0,0,0.5618305,0.43816945,train
953,10,0,0,0.5618664,0.4381336,val
953,21,0,0,0.562116,0.43788397,val
954,13,0,0,0.5569722,0.4430278,train
954,27,0,0,0.5571698,0.44283023,train
954,37,1,0,0.5573823,0.44261765,train
955,12,1,0,0.5599332,0.44006684,train
955,4,1,0,0.56009346,0.4399065,val
956,20,1,0,0.5586347,0.44136527,train
956,13,0,0,0.55696166,0.4430383,train
956,4,0,0,0.557002,0.44299805,train
957,28,0,0,0.55661625,0.44338378,train
957,33,0,0,0.5556876,0.44431233,train
958,3,0,0,0.5588292,0.44117087,test
958,5,0,0,0.5580511,0.4419489,train
958,22,0,0,0.55756974,0.4424302,val
959,8,1,0,0.55881983,0.44118017,train
959,33,0,0,0.5570956,0.44290447,train
959,33,0,0,0.5570956,0.44290447,train
960,5,0,0,0.5616518,0.43834814,val
960,40,0,0,0.5614825,0.43851754,test
960,4,0,0,0.5613512,0.43864882,test
961,16,1,0,0.5583048,0.44169524,train
961,0,0,0,0.55865735,0.44134262,test
961,8,0,0,0.55859256,0.44140744,train
962,45,0,0,0.5564923,0.44350764,train
962,0,0,0,0.55700254,0.4429975,train
962,16,1,0,0.5568177,0.44318226,val
962,26,0,0,0.55523014,0.44476983,train
963,37,0,0,0.55801386,0.44198608,train
963,4,1,0,0.55754113,0.4424589,train
963,38,0,0,0.55744314,0.44255692,val
963,2,1,0,0.5576545,0.44234556,test
964,1,1,0,0.5567168,0.4432832,test
964,16,1,0,0.5560676,0.4439324,test
965,4,0,0,0.5587794,0.44122064,train
965,15,1,0,0.55865884,0.44134116,val
965,44,0,0,0.5586124,0.44138762,train
966,8,0,0,0.5577877,0.44221228,val
966,28,1,0,0.55730265,0.44269726,val
967,19,1,0,0.55869645,0.44130355,train
967,22,0,0,0.55839753,0.44160256,train
967,21,0,0,0.5592147,0.44078532,train
968,47,0,0,0.55708146,0.44291863,test
968,7,1,0,0.5568567,0.4431433,val
968,39,0,0,0.55711645,0.44288358,train
969,28,0,0,0.5562446,0.44375533,train
969,44,1,0,0.5559829,0.4440171,train
969,44,0,0,0.5559829,0.4440171,train
970,43,0,0,0.5607875,0.43921253,test
970,23,0,0,0.5609411,0.43905896,train
970,23,0,0,0.5609411,0.43905896,train
971,32,0,0,0.55889094,0.4411091,test
971,5,1,0,0.5593735,0.44062644,test
971,22,0,0,0.5593432,0.44065672,test
972,20,0,0,0.55908823,0.44091177,train
972,11,0,0,0.5583466,0.4416533,train
972,17,1,0,0.5580601,0.44193992,val
973,23,0,0,0.55713636,0.4428637,test
973,16,0,0,0.55695873,0.44304135,test
974,16,0,0,0.55740106,0.44259894,train
974,24,0,0,0.55637425,0.44362575,val
974,42,0,0,0.55755687,0.44244313,test
975,28,1,0,0.55869687,0.4413031,train
975,8,0,0,0.55890816,0.4410918,train
975,30,0,0,0.55908465,0.44091538,val
976,47,0,0,0.5601221,0.4398779,train
976,14,0,0,0.5595943,0.44040573,train
976,2,0,0,0.559811,0.44018897,val
977,16,1,0,0.5557867,0.44421324,train
977,29,0,0,0.5557201,0.44427985,train
977,14,0,0,0.5556589,0.4443411,train
978,7,0,0,0.5577171,0.44228286,val
978,27,0,0,0.55751675,0.44248325,train
978,9,0,0,0.55763143,0.44236857,test
979,48,0,0,0.55853045,0.44146952,val
979,37,0,0,0.5592098,0.44079015,test
979,37,0,0,0.5592098,0.44079015,train
980,27,0,0,0.55750823,0.44249174,train
980,8,1,0,0.55762404,0.442376,train
981,23,0,0,0.5589712,0.44102877,train
981,28,0,0,0.5585688,0.4414312,train
981,3,0,0,0.5595579,0.4404421,train
982,20,0,0,0.56006104,0.4399389,test
982,8,1,0,0.5591328,0.44086716,train
982,13,0,0,0.5587985,0.44120148,val
982,21,0,0,0.55933094,0.44066906,val
983,44,0,0,0.55804074,0.4419593,train
983,10,0,0,0.55850273,0.44149724,train
983,24,0,0,0.5572776,0.44272238,train
983,2,0,0,0.5586391,0.4413609,train
984,48,1,0,0.5574279,0.44257212,train
984,24,0,0,0.55689216,0.44310787,train
984,19,0,0,0.55808914,0.4419109,train
985,37,0,0,0.55886596,0.44113407,train
985,28,0,0,0.5583832,0.44161677,val
985,39,1,0,0.55852145,0.44147855,train
986,24,0,0,0.55485547,0.4451446,test
986,42,0,0,0.55603147,0.4439685,train
987,7,0,0,0.56018955,0.43981037,train
987,39,0,0,0.560441,0.439559,train
987,36,0,0,0.55992436,0.44007564,train
987,35,1,0,0.55959785,0.44040212,train
988,5,1,0,0.55572367,0.44427633,val
988,24,0,0,0.55428505,0.44571498,train
989,30,1,0,0.5585269,0.44147307,train
989,46,0,0,0.55793697,0.442063,train
989,13,0,0,0.55799097,0.44200903,train
989,45,0,0,0.55732757,0.4426724,test
990,30,1,0,0.5590446,0.4409554,train
990,32,0,0,0.55804795,0.44195202,val
990,37,1,0,0.55904216,0.44095784,test
991,29,1,0,0.5576885,0.4423116,train
991,39,0,0,0.55828094,0.44171903,val
991,5,1,0,0.55841494,0.44158506,train
992,24,1,0,0.5607948,0.4392053,train
992,13,1,0,0.5620377,0.43796232,val
992,14,0,0,0.561765,0.43823496,test
992,31,0,0,0.5627262,0.43727386,train
993,36,1,0,0.5568593,0.44314072,train
993,40,0,0,0.55704784,0.4429522,train
994,39,1,0,0.55940205,0.44059795,train
994,7,1,0,0.559598,0.44040206,test
994,30,0,0,0.55951136,0.4404886,train
995,33,0,0,0.55599296,0.44400704,train
995,40,1,0,0.557463,0.44253704,train
995,1,1,0,0.55772334,0.44227666,train
996,24,1,0,0.5559577,0.44404233,train
996,7,1,0,0.5573892,0.44261083,train
996,46,0,0,0.5570052,0.4429948,train
997,27,0,0,0.55594504,0.44405493,train
997,33,0,0,0.5544792,0.4455208,train
997,35,1,0,0.5553677,0.44463226,test
998,8,0,0,0.55866605,0.44133386,train
998,40,0,0,0.5585269,0.4414731,train
998,36,0,0,0.55835783,0.44164222,train
999,48,0,0,0.55800444,0.4419956,train
999,43,0,0,0.5586443,0.44135568,test
999,19,0,0,0.5586731,0.44132695,val
